`user_id,location,language,account_created,follower_count
user_guglt5jp,"Berlin, Germany",ja,23-10-2023,38963
user_b1p3wz81,"Munich, Germany",zh,06-05-2023,24644
user_jm2grmis,"Dubai, UAE",en,03-01-2023,45842
user_ykoqww5l,"Paris, France",fr,11-10-2023,665
user_3zzvv8vp,"Los Angeles, USA",ru,23-05-2023,42908
user_s4nmuyvf,"Mumbai, India",zh,17-03-2023,43412
user_9vo7he3z,"Rio de Janeiro, Brazil",en,01-12-2023,36257
user_guruu55k,"Mexico City, Mexico",en,30-03-2023,11260
user_8nvzxsuj,"Vancouver, Canada",es,03-12-2023,36383
user_rgmvy3e1,"London, UK",ja,21-12-2023,13458
user_j0akync6,"Houston, USA",en,23-10-2023,28544
user_dxhhp9fo,"Manchester, UK",fr,03-03-2023,3852
user_eci1w7hz,"Seoul, South Korea",ru,04-02-2023,43692
user_cefi5hpb,"Johannesburg, South Africa",es,26-07-2023,15895
user_wzdzaxo6,"Dubai, UAE",de,27-03-2023,13486
user_urkhf34q,"Manchester, UK",ar,18-02-2023,24177
user_4y5xrp4d,"São Paulo, Brazil",ar,02-07-2023,18904
user_5805b7s5,"Osaka, Japan",de,29-07-2023,29193
user_ju8hqhh7,"São Paulo, Brazil",pt,10-08-2023,11133
user_0xtn0q1z,"Mexico City, Mexico",zh,13-02-2023,4956
user_vdzbq60d,"São Paulo, Brazil",de,21-05-2023,25387
user_3nei5tio,"Rome, Italy",ja,06-06-2023,27945
user_8hs083wf,"Mexico City, Mexico",ja,26-11-2023,36208
user_g62nc9bm,"Osaka, Japan",pt,18-05-2023,29261
user_u6wmhba1,"Rio de Janeiro, Brazil",fr,07-05-2023,26788
user_rawskkbp,"Mexico City, Mexico",ja,03-04-2023,19554
user_6wra58f7,"Johannesburg, South Africa",en,29-12-2023,4953
user_20v16n7o,"Osaka, Japan",es,23-06-2023,35772
user_8hwimj2y,"Barcelona, Spain",hi,09-07-2023,34130
user_34h6otv1,"Mumbai, India",hi,01-09-2023,825
user_rd4m435g,"Mumbai, India",en,09-05-2023,41448
user_baflpt2a,"Shanghai, China",zh,14-05-2023,2528
user_3rnkw0w0,"London, UK",en,30-08-2023,16930
user_wdvt8sn8,"Lagos, Nigeria",hi,18-10-2023,44991
user_6ftbnlhg,"Seoul, South Korea",ru,22-04-2023,42376
user_p9zkwsde,"Tokyo, Japan",zh,28-01-2023,22530
user_jqhen223,"Rome, Italy",pt,25-08-2023,1386
user_qjq1xtnb,"Vancouver, Canada",ar,20-06-2023,9994
user_giqj8qez,"New York, USA",pt,08-03-2023,30904
user_yhkk65jx,"Dubai, UAE",zh,04-03-2023,19947
user_n7owi8hd,"Beijing, China",fr,29-12-2023,40734
user_q3dvjt5a,"Barcelona, Spain",en,02-01-2023,25339
user_uwu8hunq,"Melbourne, Australia",es,12-04-2023,47367
user_weam2ohn,"Lyon, France",en,14-04-2023,12261
user_v4objqex,"Madrid, Spain",hi,15-11-2023,16772
user_lgnt3fch,"Johannesburg, South Africa",fr,29-03-2023,46078
user_d1drdipk,"Berlin, Germany",fr,14-03-2023,12883
user_ll36h5wt,"Tokyo, Japan",ru,02-07-2023,29890
user_abawq3v4,"Barcelona, Spain",fr,16-11-2023,27400
user_668nidxi,"São Paulo, Brazil",pt,24-07-2023,17277
user_tbi3l8f9,"Milan, Italy",pt,11-03-2023,5446
user_jxoe2fqh,"Shanghai, China",de,17-06-2023,3525
user_sd7unhlc,"Tokyo, Japan",hi,27-06-2023,7258
user_y1nqrc5b,"Beijing, China",ru,23-09-2023,27900
user_q6b92sgq,"Munich, Germany",hi,21-07-2023,38254
user_sh3by87q,"Manchester, UK",hi,14-10-2023,30340
user_udakufz1,"Houston, USA",pt,04-03-2023,30349
user_siuvpkza,"Chicago, USA",en,05-09-2023,49905
user_a2t91ioa,"São Paulo, Brazil",ar,23-03-2023,5217
user_kxujr0gz,"Los Angeles, USA",pt,04-02-2023,34963
user_ggnjpujh,Singapore,hi,22-10-2023,35532
user_mkqbrm43,"Houston, USA",de,14-01-2023,16581
user_ysboqq66,Singapore,pt,07-01-2023,22756
user_cyqqg8x5,"Mexico City, Mexico",zh,04-12-2023,44679
user_icpx666o,"Chicago, USA",es,28-02-2023,36087
user_v7kjzia8,"Shanghai, China",de,09-08-2023,36584
user_m6q38p8n,"Rio de Janeiro, Brazil",ru,20-08-2023,19975
user_i16blt5c,"Lagos, Nigeria",fr,12-01-2023,15494
user_c48hfo1e,"Tokyo, Japan",ja,02-04-2023,30991
user_gbfw65um,"Dubai, UAE",ja,21-01-2023,3210
user_tndo3hfx,"Berlin, Germany",de,31-05-2023,43803
user_j7hru6kk,"Lyon, France",ar,25-02-2023,26012
user_85468fb8,"Delhi, India",pt,22-09-2023,16049
user_zzq2044c,"Delhi, India",ar,09-02-2023,34915
user_9jvugme4,"Berlin, Germany",en,25-08-2023,47684
user_wwk361ip,"Paris, France",fr,17-02-2023,25982
user_wjb4dk42,"Sydney, Australia",de,24-05-2023,35720
user_bq4m0de9,"Munich, Germany",zh,21-08-2023,47615
user_zq5mipiu,"New York, USA",ja,11-11-2023,38518
user_ny9vh0cg,"Chicago, USA",ja,30-03-2023,6479
user_g6l0e61e,"London, UK",de,04-03-2023,48312
user_sniodvjg,"São Paulo, Brazil",es,16-09-2023,23961
user_xwnpfnpm,"Delhi, India",es,21-02-2023,35374
user_x8d4tmgt,"Seoul, South Korea",hi,13-10-2023,3965
user_v1jddj2m,"Osaka, Japan",fr,29-09-2023,40890
user_3xgp44s2,"Beijing, China",es,19-09-2023,11935
user_0e2how9t,"Melbourne, Australia",hi,03-09-2023,23563
user_k7t9n4sb,"Rio de Janeiro, Brazil",hi,25-02-2023,4767
user_ipc8wvdz,"Houston, USA",fr,24-09-2023,9612
user_k9blda2m,"Shanghai, China",ar,20-08-2023,42330
user_zp2gw1bo,"Chicago, USA",de,20-01-2023,4869
user_ceim4vux,"Seoul, South Korea",hi,13-11-2023,40811
user_uwheu707,"Osaka, Japan",ja,11-02-2023,9366
user_0eufcipi,"Beijing, China",pt,18-08-2023,27089
user_ymg2zu9s,"São Paulo, Brazil",ru,14-09-2023,43449
user_xa1s1sd5,"Milan, Italy",es,26-11-2023,37758
user_a7p5u7lh,"Osaka, Japan",es,25-07-2023,25497
user_hkiyc5fm,"Paris, France",ar,21-10-2023,125
user_9iukejuf,"Manchester, UK",en,03-04-2023,13279
user_n020jpbl,"Rome, Italy",en,08-09-2023,14263
user_jsmxpwu0,"Lagos, Nigeria",ar,09-09-2023,31041
user_tyvzn6ay,"London, UK",fr,05-09-2023,46141
user_i2p1s57x,"Seoul, South Korea",es,25-04-2023,33834
user_8wm37pk5,"Dubai, UAE",pt,03-07-2023,5193
user_ien1skk9,"London, UK",pt,23-01-2023,23189
user_romhzbq7,"Johannesburg, South Africa",fr,14-06-2023,39722
user_dbqn2wg3,"Osaka, Japan",zh,21-06-2023,14408
user_pfk3usin,"Mumbai, India",es,24-10-2023,12664
user_8c6s6m9l,"Johannesburg, South Africa",fr,27-05-2023,45852
user_d6tjszz8,"Melbourne, Australia",fr,24-03-2023,37186
user_kjuts840,"Seoul, South Korea",zh,16-11-2023,21560
user_5dciucw4,Singapore,fr,21-12-2023,19889
user_0c5vu9wm,"Lagos, Nigeria",ru,27-09-2023,43214
user_yimb5r96,"Lyon, France",en,19-06-2023,24755
user_2c5wzose,"Lagos, Nigeria",zh,21-07-2023,28647
user_zyptgxi8,"Shanghai, China",ar,17-02-2023,47455
user_hdas0iau,"Rio de Janeiro, Brazil",ja,31-10-2023,1620
user_6qlz8pe6,"Milan, Italy",fr,01-10-2023,17169
user_tzroeifo,"Melbourne, Australia",pt,09-11-2023,6268
user_7b09zod9,"Munich, Germany",ru,17-06-2023,23147
user_py58gal3,"Chicago, USA",fr,10-11-2023,46803
user_jh1l7apn,"Lyon, France",de,02-12-2023,13388
user_m0adcouo,"Beijing, China",hi,23-12-2023,19858
user_emlc2ijs,"Mumbai, India",zh,15-07-2023,42097
user_z3z18l5y,"Johannesburg, South Africa",fr,11-04-2023,46150
user_x7umkbiv,"New York, USA",pt,25-07-2023,19280
user_zqv2vrf5,"Vancouver, Canada",es,17-09-2023,13531
user_otp3d47s,"Mumbai, India",de,13-05-2023,45599
user_btviyu88,"Barcelona, Spain",hi,15-05-2023,8121
user_jhknjb2o,"Manchester, UK",ar,09-12-2023,26342
user_j6qnfn0n,"Sydney, Australia",fr,16-07-2023,10053
user_dvoklay9,"Rio de Janeiro, Brazil",en,01-04-2023,47705
user_6f3gl5ci,"Los Angeles, USA",fr,16-11-2023,11240
user_va78mz39,"Vancouver, Canada",ru,13-12-2023,34585
user_shca6bkp,"London, UK",zh,27-10-2023,33313
user_6kjv32kv,"Los Angeles, USA",de,30-01-2023,15858
user_tj1hwx21,"Lyon, France",en,06-03-2023,24706
user_k7tyv3h1,"Mumbai, India",en,13-12-2023,24378
user_y9bjiho1,"Mumbai, India",zh,12-11-2023,24858
user_1tqy94o2,"Paris, France",hi,25-04-2023,28391
user_t6hlzu33,"Seoul, South Korea",es,24-12-2023,18568
user_xm374vm6,"Lyon, France",de,27-05-2023,15594
user_3k0yqpvo,"Tokyo, Japan",es,14-12-2023,247
user_y0n4ki5k,"Rome, Italy",hi,16-04-2023,45836
user_6sfxy8pg,"Cairo, Egypt",ru,12-08-2023,20348
user_eyak9wgy,"Cairo, Egypt",fr,18-03-2023,34393
user_74ipdtjp,"Tokyo, Japan",fr,01-04-2023,42718
user_0osqp2dw,"New York, USA",hi,20-03-2023,6432
user_xk2789p4,"Barcelona, Spain",hi,05-04-2023,42164
user_y5wi0qgb,"Rio de Janeiro, Brazil",ar,26-01-2023,43746
user_v3iny1iu,"Seoul, South Korea",de,25-03-2023,39123
user_1xh81tt1,"Rio de Janeiro, Brazil",en,25-10-2023,12104
user_ke2aznap,"Dubai, UAE",ru,19-07-2023,25705
user_nqv4azql,"Mexico City, Mexico",de,18-04-2023,22949
user_z9g0ws77,"Milan, Italy",es,28-11-2023,36413
user_w66b5uk0,"Manchester, UK",hi,02-09-2023,17208
user_hftncqwg,"Osaka, Japan",en,05-05-2023,35741
user_puoma5kg,"Shanghai, China",pt,20-10-2023,33595
user_3ec3xlij,"Mumbai, India",ar,20-10-2023,42106
user_7ctvaq92,"Shanghai, China",de,23-06-2023,40739
user_bouxcpei,"Milan, Italy",fr,04-05-2023,10486
user_r94xmwwi,"São Paulo, Brazil",ja,23-09-2023,13366
user_30jx467t,"Rio de Janeiro, Brazil",zh,16-03-2023,26128
user_ze3qol7q,"Mumbai, India",de,18-02-2023,16102
user_cgajq4il,"Lyon, France",hi,23-03-2023,13722
user_qtpvdjjh,"Osaka, Japan",ar,24-12-2023,11385
user_d6tkz8qs,"Rio de Janeiro, Brazil",fr,09-04-2023,43203
user_8t4e9hnl,"Paris, France",ar,02-02-2023,18137
user_7qv6le3v,"Barcelona, Spain",hi,21-12-2023,48814
user_d3z3d8ys,"Mumbai, India",en,12-03-2023,25077
user_vw9pi7nt,"Toronto, Canada",zh,16-10-2023,31294
user_ur1cqbvt,"Vancouver, Canada",hi,20-09-2023,16616
user_bxx2q7ss,"Manchester, UK",zh,01-03-2023,32190
user_e33tyryb,"Berlin, Germany",hi,16-02-2023,40671
user_yx0kbvbm,"Houston, USA",fr,13-12-2023,33957
user_eskzkba8,"Toronto, Canada",de,15-09-2023,4021
user_zqzqyysg,Singapore,ru,07-02-2023,30088
user_4wxjuaif,"New York, USA",en,27-12-2023,39522
user_yotuyqas,"Seoul, South Korea",fr,31-01-2023,19591
user_uer432k7,"Los Angeles, USA",ja,28-10-2023,2023
user_rkw2mic0,"Chicago, USA",ar,23-01-2023,21014
user_yd705rj9,"Los Angeles, USA",zh,11-02-2023,46165
user_nudota2x,Singapore,pt,01-12-2023,17212
user_p9rj0hnr,"Madrid, Spain",zh,15-05-2023,48134
user_q3vs0uj7,"Manchester, UK",ja,12-01-2023,32714
user_vdr1clyk,"Berlin, Germany",ru,05-09-2023,42746
user_xnin9vng,"Munich, Germany",es,31-12-2023,35176
user_g2dekwc7,"Madrid, Spain",es,06-06-2023,3698
user_r3r59q7h,"Los Angeles, USA",ja,09-06-2023,32753
user_4k5n0jkk,"Munich, Germany",pt,17-11-2023,9309
user_4tziovr6,"São Paulo, Brazil",zh,27-01-2023,7972
user_b6y23bbq,"Cairo, Egypt",fr,15-09-2023,17181
user_60ypl1q4,"Los Angeles, USA",hi,12-05-2023,44700
user_bnum1ru1,"Milan, Italy",zh,22-06-2023,13604
user_45yefmlp,"Paris, France",en,22-10-2023,37589
user_eank0miq,"London, UK",es,24-12-2023,8837
user_1qpr9tga,"Dubai, UAE",pt,03-06-2023,31853
user_k2v87420,"Barcelona, Spain",ru,21-12-2023,14719
user_sjm4thcl,"Dubai, UAE",en,06-04-2023,49721
user_viynjlsr,"Mumbai, India",hi,27-06-2023,46004
user_b6i17ydd,"Chicago, USA",ru,14-09-2023,45937
user_lk8wtuqr,"Vancouver, Canada",ja,21-09-2023,32276
user_de1ix2nc,"Houston, USA",de,02-04-2023,5659
user_dotzarnx,"Munich, Germany",de,09-11-2023,8257
user_zdot1vfk,"Barcelona, Spain",fr,26-12-2023,448
user_eyryqg4c,Singapore,en,14-08-2023,42446
user_oo2afkvn,"Madrid, Spain",es,04-11-2023,19226
user_9odm77d5,"Madrid, Spain",de,26-01-2023,13443
user_ishux5fb,Singapore,de,18-05-2023,27779
user_hdcwy7rw,"Houston, USA",hi,12-06-2023,2595
user_m5z8a3sg,"Berlin, Germany",ar,01-04-2023,34800
user_a9a7r18l,"Houston, USA",ja,30-12-2023,2091
user_uo7cfsb2,"Munich, Germany",de,11-04-2023,3966
user_ghc11hqx,"Beijing, China",fr,11-12-2023,8863
user_n3yjfvxy,"New York, USA",hi,10-06-2023,45548
user_vs99hcpu,"Manchester, UK",de,24-02-2023,40430
user_jl5j801v,"Los Angeles, USA",ru,24-02-2023,24657
user_1q9s4tw9,"Berlin, Germany",ja,18-02-2023,29011
user_4o1z3322,"Tokyo, Japan",ar,22-08-2023,48982
user_zsoad3v2,"Mumbai, India",fr,07-03-2023,16574
user_gtz1vf91,"Barcelona, Spain",ja,28-07-2023,27386
user_upih2le3,"Tokyo, Japan",de,03-05-2023,1775
user_27aje6ur,"Berlin, Germany",hi,08-08-2023,15671
user_k05n8c60,"Mumbai, India",zh,25-01-2023,4399
user_a19f44ms,"New York, USA",zh,19-08-2023,21298
user_brh0oqpe,"Lagos, Nigeria",pt,06-04-2023,45102
user_96h74y72,"Johannesburg, South Africa",zh,05-01-2023,11114
user_0riqrfz9,"Dubai, UAE",fr,01-05-2023,12825
user_0irp4abu,"Toronto, Canada",hi,14-12-2023,44206
user_8euzbrz1,"Madrid, Spain",de,29-12-2023,25029
user_pg6yqnrb,"Delhi, India",hi,30-04-2023,30432
user_mc4gyg3z,"Madrid, Spain",pt,23-12-2023,34238
user_zhouqige,"Munich, Germany",zh,14-02-2023,38584
user_il88ti8o,"Los Angeles, USA",en,03-04-2023,33527
user_e5q8f7ve,"Rio de Janeiro, Brazil",fr,12-06-2023,43303
user_jw3kd43r,"Dubai, UAE",hi,06-11-2023,12146
user_ygorm9b4,"Sydney, Australia",de,27-12-2023,7165
user_ijzzygde,"Johannesburg, South Africa",ar,03-03-2023,7394
user_oj02wstg,"Toronto, Canada",zh,06-11-2023,36121
user_r7o639pp,"Johannesburg, South Africa",pt,04-06-2023,36970
user_uc87frzx,"Rio de Janeiro, Brazil",hi,29-07-2023,45923
user_zdwf8afd,"Paris, France",zh,12-10-2023,13554
user_fpnt3iw9,"Rio de Janeiro, Brazil",ru,02-01-2023,8979
user_ttlouvlq,"Beijing, China",ru,07-12-2023,19373
user_njyhr041,"Manchester, UK",fr,06-03-2023,38346
user_54fu8vw0,"Delhi, India",hi,05-01-2023,19805
user_n52gcr0a,"Paris, France",hi,02-05-2023,10771
user_jodbszof,"Mumbai, India",zh,30-05-2023,31286
user_tb4fgpus,"Toronto, Canada",pt,20-10-2023,6623
user_tple0w0i,"Shanghai, China",pt,13-01-2023,26162
user_0281t7ll,"Houston, USA",de,30-07-2023,20201
user_o14tbxsc,"Barcelona, Spain",fr,22-06-2023,33313
user_7kpmi03n,"Melbourne, Australia",ru,02-11-2023,13017
user_7e3umebc,"Madrid, Spain",zh,09-06-2023,7547
user_c4e9we1i,"Munich, Germany",zh,01-09-2023,33992
user_wawwrvtc,"Berlin, Germany",en,02-05-2023,35269
user_eaft49ay,"Toronto, Canada",es,28-01-2023,31061
user_ivpaj0jp,"Tokyo, Japan",fr,23-07-2023,10547
user_hz0arhtv,"Toronto, Canada",en,16-10-2023,12039
user_xe1x9bhy,Singapore,ru,26-02-2023,36140
user_4ne7qun0,"Rome, Italy",pt,09-04-2023,48020
user_ywvdig0e,"Barcelona, Spain",zh,19-06-2023,3061
user_d0hubs9a,"Chicago, USA",pt,21-11-2023,38107
user_8l7rv5oe,"Vancouver, Canada",ru,04-07-2023,48345
user_n0t4gjjd,"Osaka, Japan",de,18-08-2023,8868
user_mwro4svc,"New York, USA",ar,29-06-2023,18052
user_i2rk6iik,"Osaka, Japan",en,17-03-2023,40792
user_gzmfd48k,"Johannesburg, South Africa",es,11-08-2023,30865
user_3ycqpch5,"Houston, USA",ru,06-07-2023,14024
user_5ucdzep1,"Rio de Janeiro, Brazil",de,28-05-2023,40859
user_sr1ug159,"Mexico City, Mexico",en,02-10-2023,26249
user_168r2uhp,"Los Angeles, USA",ja,07-02-2023,11610
user_8s0d1h4k,"New York, USA",en,13-04-2023,15522
user_s1avt2xw,"Johannesburg, South Africa",ru,31-01-2023,8604
user_d1fuzi94,"Cairo, Egypt",ja,27-01-2023,36438
user_wb863i99,"Dubai, UAE",fr,23-01-2023,36734
user_8bslqcpy,"Madrid, Spain",ru,26-10-2023,2241
user_63jwqml9,"Chicago, USA",en,09-06-2023,25724
user_v4th5er7,"Lyon, France",ja,28-04-2023,13337
user_5e47gk4r,"Milan, Italy",en,31-12-2023,41079
user_rsrg2sgy,"Dubai, UAE",de,19-01-2023,32791
user_fgjkkrie,"Lyon, France",zh,13-07-2023,2211
user_x2etbjko,"Barcelona, Spain",pt,26-03-2023,36825
user_as9qc2ya,"Paris, France",es,02-12-2023,10803
user_pe5yckyb,"Madrid, Spain",ru,26-07-2023,33737
user_4aitv3ib,"Rio de Janeiro, Brazil",ja,25-06-2023,47961
user_al9p1gnu,"Munich, Germany",pt,19-04-2023,49268
user_l0y6e71z,"Dubai, UAE",ja,15-11-2023,9788
user_lialzqfp,"Lagos, Nigeria",ru,26-01-2023,47637
user_yz6mibaj,"Dubai, UAE",ar,17-04-2023,10415
user_c01tfali,"Milan, Italy",fr,29-10-2023,28971
user_6w7t1ijr,"Milan, Italy",en,14-08-2023,27442
user_k3y9gbsz,"Berlin, Germany",es,06-05-2023,12496
user_nfo3ih5u,"Barcelona, Spain",ar,29-10-2023,40429
user_0ovhak73,"New York, USA",hi,15-12-2023,32045
user_dalm2g0s,"Sydney, Australia",hi,25-05-2023,47363
user_vc1szta6,"Chicago, USA",ru,18-08-2023,16685
user_47o2zlmp,"Tokyo, Japan",pt,22-10-2023,9632
user_n6p8x5xw,"Vancouver, Canada",pt,16-05-2023,20355
user_6laec67f,"Chicago, USA",es,16-06-2023,6536
user_oo2yuqwk,"Mumbai, India",zh,08-02-2023,29705
user_om9fk7q9,"Beijing, China",ar,21-07-2023,30691
user_9asov0m8,Singapore,hi,09-10-2023,49763
user_jyq7ygu9,"Delhi, India",pt,02-03-2023,9216
user_osog5p0m,"Berlin, Germany",pt,20-03-2023,21275
user_aroc3ncd,"Rio de Janeiro, Brazil",hi,24-03-2023,10428
user_2pjp6tpj,"São Paulo, Brazil",de,30-03-2023,44592
user_h5lkwga3,"Johannesburg, South Africa",ru,30-04-2023,26321
user_ivpoy0x1,"Seoul, South Korea",hi,12-05-2023,28950
user_g612w4ko,"Munich, Germany",de,19-02-2023,13591
user_z8vlb7d2,"Rome, Italy",hi,21-09-2023,418
user_kn46rm8k,"Mumbai, India",en,26-01-2023,12679
user_eg2telg5,Singapore,hi,25-12-2023,10015
user_jioz08hb,"Melbourne, Australia",ja,30-12-2023,11969
user_aqwezplu,"Cairo, Egypt",hi,06-02-2023,40191
user_lsi8z95w,Singapore,ja,12-02-2023,9000
user_wq8mex2l,"Madrid, Spain",ru,31-01-2023,5897
user_zw0wri6o,"Sydney, Australia",de,14-12-2023,7304
user_qxhiayyr,"Berlin, Germany",hi,07-06-2023,12943
user_veuczwoc,"Seoul, South Korea",pt,14-03-2023,11391
user_cqaitbuv,"Johannesburg, South Africa",ja,30-06-2023,3382
user_140m58n3,"Osaka, Japan",fr,10-06-2023,28999
user_sek60h67,"Vancouver, Canada",ru,28-02-2023,12772
user_5t2f5iez,"Mumbai, India",en,15-07-2023,29412
user_sxyhv9rg,"Madrid, Spain",hi,30-09-2023,23637
user_ukkkyp0o,"Toronto, Canada",es,28-02-2023,28045
user_84k7x6zn,"Barcelona, Spain",ja,23-10-2023,49736
user_i7dvhf8q,Singapore,pt,03-01-2023,4409
user_taeychos,"Barcelona, Spain",es,12-10-2023,38460
user_dfogxwx0,"London, UK",ar,09-09-2023,9419
user_oc9vdes0,"Beijing, China",zh,06-09-2023,18354
user_24wzfb8b,"Barcelona, Spain",zh,27-02-2023,38633
user_119tublg,"Berlin, Germany",zh,02-11-2023,26429
user_3bumtqzs,"Munich, Germany",ar,18-06-2023,23677
user_xw2x8wg8,"Sydney, Australia",fr,05-01-2023,36009
user_ehd44os3,"Melbourne, Australia",zh,12-09-2023,44782
user_lyfad7uf,"Melbourne, Australia",es,29-03-2023,49092
user_lynilnsu,"Paris, France",ar,14-12-2023,5827
user_cntp6452,"Shanghai, China",pt,04-10-2023,11329
user_vl9qiy9k,"Rome, Italy",pt,11-06-2023,35120
user_aasqf25g,"Osaka, Japan",fr,18-02-2023,48132
user_ouh6yqhh,"Melbourne, Australia",de,20-07-2023,10787
user_a3lly7yh,"Sydney, Australia",ar,11-09-2023,41868
user_0j9a7ict,"Beijing, China",de,01-12-2023,23031
user_xzpx4dgt,"Madrid, Spain",ar,30-12-2023,11850
user_hk65gky5,"Lagos, Nigeria",pt,17-05-2023,23277
user_56ztj4ej,Singapore,zh,20-01-2023,33410
user_t69el5p0,"Dubai, UAE",ru,30-09-2023,47601
user_qiay963n,"Vancouver, Canada",en,22-09-2023,11551
user_8u9g9kjp,"Los Angeles, USA",pt,23-06-2023,37049
user_adh72fga,"Beijing, China",ru,19-06-2023,11085
user_axfqrey3,"Rome, Italy",pt,20-11-2023,43157
user_rmzhp5so,Singapore,ru,06-12-2023,22119
user_q3u3lr0c,"Osaka, Japan",de,02-11-2023,14862
user_permtl48,"Cairo, Egypt",hi,17-03-2023,23881
user_4vtz5fph,"Berlin, Germany",de,22-05-2023,4310
user_9b00jr3x,"Johannesburg, South Africa",es,16-03-2023,31847
user_ph0q514v,"Paris, France",pt,16-01-2023,31556
user_74ri5vbc,"New York, USA",hi,23-09-2023,24934
user_vy7kbd6u,"Cairo, Egypt",hi,14-06-2023,26320
user_tmp5lmrb,"São Paulo, Brazil",fr,12-03-2023,20446
user_a3njsw7g,"Los Angeles, USA",zh,03-12-2023,4222
user_a7y7wdlm,"Delhi, India",ar,28-01-2023,38573
user_qpmg4srk,"Rio de Janeiro, Brazil",zh,02-03-2023,33780
user_zfu8q0ih,Singapore,en,30-09-2023,27732
user_dcrkgrb5,Singapore,ja,10-03-2023,27599
user_hen7rrkk,"Munich, Germany",hi,17-04-2023,1688
user_i8ncp2ai,"Delhi, India",fr,12-02-2023,49722
user_bkblavjw,"London, UK",es,23-09-2023,32729
user_t8lwlzoc,"Lyon, France",es,03-08-2023,21891
user_qfevrky0,"Munich, Germany",zh,08-02-2023,6197
user_wy6vq77l,"Tokyo, Japan",pt,12-02-2023,39627
user_y4xv4is3,"Shanghai, China",en,15-09-2023,41063
user_a0oggtxs,"New York, USA",ar,21-02-2023,27627
user_aoke8xi4,"Chicago, USA",de,09-09-2023,34362
user_3uo85im0,"New York, USA",hi,12-04-2023,36466
user_mcchsnr8,"Munich, Germany",ar,17-02-2023,2602
user_81otnxj4,"Johannesburg, South Africa",de,08-06-2023,35715
user_bqp8mrav,"Shanghai, China",ar,26-09-2023,17025
user_5oe5t3js,"London, UK",ja,08-02-2023,3151
user_yhe9m0z0,"Beijing, China",ar,30-06-2023,1655
user_2rs485d7,"Sydney, Australia",hi,15-07-2023,37090
user_01hav2yk,"Barcelona, Spain",es,20-11-2023,14971
user_sp9dve47,"Chicago, USA",es,06-08-2023,5574
user_e3cwapff,"Los Angeles, USA",zh,10-07-2023,14722
user_yq0h1va1,"Rome, Italy",pt,07-09-2023,2141
user_eh4ki1e0,"Paris, France",hi,07-04-2023,35006
user_lq24e3b9,"Toronto, Canada",ja,26-02-2023,28620
user_x6318ftx,"New York, USA",ja,10-05-2023,721
user_d71eor1s,"Milan, Italy",de,10-05-2023,21073
user_44de7ixg,"New York, USA",hi,13-03-2023,41901
user_sf86dv0x,"Lyon, France",zh,24-08-2023,42384
user_52uwmqq1,"New York, USA",es,11-12-2023,19204
user_ufyrd68a,"Munich, Germany",zh,06-02-2023,24756
user_5cycq2el,"Berlin, Germany",hi,26-07-2023,37223
user_b92nfvv0,"Dubai, UAE",zh,06-01-2023,21546
user_nuzypbfw,"Rome, Italy",es,04-01-2023,20169
user_zwe31kzt,"Rio de Janeiro, Brazil",en,27-03-2023,31220
user_mtuzxdlb,"Melbourne, Australia",fr,06-04-2023,49341
user_790dw1c4,"Vancouver, Canada",ru,23-07-2023,31515
user_94mzsiik,"Cairo, Egypt",en,29-10-2023,43471
user_maie4mnu,"Delhi, India",ru,20-07-2023,27256
user_8v39sv2i,"London, UK",pt,26-06-2023,36198
user_cl1v5t2j,"Dubai, UAE",en,23-01-2023,11334
user_r9mokwet,"Barcelona, Spain",ja,26-02-2023,22734
user_hjd27rwd,"Barcelona, Spain",pt,27-09-2023,46289
user_s87enj6b,"Mexico City, Mexico",ar,11-03-2023,43476
user_86o3waw2,"Paris, France",zh,16-07-2023,23964
user_vws4jlpy,"Delhi, India",ar,16-07-2023,28204
user_v8gtqwd5,"São Paulo, Brazil",ru,16-07-2023,11255
user_3jedn9am,"Beijing, China",pt,21-01-2023,29196
user_siav2csw,"Tokyo, Japan",zh,16-06-2023,36855
user_5idgm0pl,"London, UK",fr,21-04-2023,19110
user_iie5vu9r,"Los Angeles, USA",fr,19-12-2023,46501
user_w1ocsyld,"Johannesburg, South Africa",fr,01-02-2023,39536
user_si0cvlcp,"Los Angeles, USA",ar,17-07-2023,8005
user_drbocr22,"Rio de Janeiro, Brazil",pt,11-08-2023,33828
user_atwknpoi,"Lyon, France",ar,10-07-2023,41077
user_cpgiv9pb,"Berlin, Germany",pt,17-12-2023,22450
user_wshujk0v,"New York, USA",zh,23-12-2023,33066
user_b7x51z27,"Manchester, UK",hi,07-03-2023,16267
user_fq6l7e80,"Dubai, UAE",ja,08-08-2023,39668
user_m80j4x3i,"Toronto, Canada",pt,18-12-2023,17803
user_f45gw6pp,"Mexico City, Mexico",ar,09-10-2023,40345
user_pi32ijrq,"Barcelona, Spain",ru,25-12-2023,15386
user_y5k6wncp,"Osaka, Japan",ar,08-04-2023,5760
user_vuu7r75n,"Milan, Italy",ja,15-06-2023,19196
user_h229sw58,"Delhi, India",es,09-08-2023,34951
user_hdl625jh,"Vancouver, Canada",pt,10-03-2023,33417
user_nyopcp6t,"Milan, Italy",ru,29-05-2023,15140
user_11phoejb,"Seoul, South Korea",es,02-06-2023,37944
user_bnf5t5ap,"Houston, USA",hi,05-12-2023,32253
user_lv0eohsw,Singapore,de,07-04-2023,25133
user_jxfroxq0,"Paris, France",ru,24-11-2023,36948
user_uod57rwt,"Barcelona, Spain",en,16-04-2023,46440
user_7nf5hu9v,"Shanghai, China",ar,11-07-2023,45013
user_9rojnpuf,"Milan, Italy",en,12-05-2023,46823
user_jf5qblgx,"Munich, Germany",ja,25-07-2023,18368
user_tejbqww7,"Johannesburg, South Africa",en,20-03-2023,2818
user_7apw5kiv,"Melbourne, Australia",ru,16-01-2023,17878
user_1tx7gaza,"Vancouver, Canada",ru,02-01-2023,41034
user_7qyvw1tf,"New York, USA",fr,13-10-2023,17660
user_7ydlrbx2,"Johannesburg, South Africa",ar,20-06-2023,10358
user_9uy1b9et,"Johannesburg, South Africa",hi,28-09-2023,31376
user_ecizeoah,"Munich, Germany",de,30-09-2023,39544
user_mjgvhs2g,"Los Angeles, USA",pt,10-06-2023,42942
user_26vqb3hm,"Berlin, Germany",en,10-11-2023,8736
user_mivsrvu3,"New York, USA",ja,28-02-2023,27855
user_261d32en,"Seoul, South Korea",es,15-01-2023,12160
user_pz96evl4,Singapore,hi,10-05-2023,30021
user_1ufvqzqz,"Manchester, UK",ru,12-06-2023,40348
user_mmusq9kc,"Osaka, Japan",zh,14-08-2023,29655
user_m39invb2,"Rome, Italy",en,23-11-2023,47668
user_xiajv4r3,"São Paulo, Brazil",ja,30-09-2023,40908
user_9q2g628y,"Paris, France",de,31-03-2023,23755
user_bijy5emr,"Barcelona, Spain",zh,08-08-2023,3165
user_1d3vq03j,"Osaka, Japan",hi,19-06-2023,5068
user_j5okaapb,"Beijing, China",ar,04-01-2023,22563
user_y2h9q3ov,"Houston, USA",en,05-04-2023,18336
user_2u0k09bc,"Cairo, Egypt",zh,25-05-2023,11290
user_2kmgah02,"Houston, USA",en,15-04-2023,49291
user_4wra4ou1,"Cairo, Egypt",es,29-10-2023,6822
user_63zia51r,"Shanghai, China",hi,02-07-2023,15126
user_py6fq7ii,"Delhi, India",de,19-04-2023,18940
user_nqnv2wim,"Melbourne, Australia",ar,10-02-2023,1873
user_mvou9k6j,"Johannesburg, South Africa",pt,14-01-2023,19293
user_wtde66xv,"Madrid, Spain",fr,28-01-2023,35473
user_pgj3c632,"Milan, Italy",de,10-02-2023,18655
user_sktr0cyy,"Delhi, India",ja,06-04-2023,42180
user_qvtjkfak,"Cairo, Egypt",pt,04-10-2023,25714
user_732cckxx,"Tokyo, Japan",ja,30-07-2023,44573
user_ta69gmj0,"Lyon, France",hi,21-01-2023,21267
user_q562no7n,"New York, USA",en,27-04-2023,18511
user_bdhs7x3v,"Melbourne, Australia",ru,12-10-2023,15799
user_fti0may3,Singapore,pt,09-11-2023,10669
user_o8hhe4wa,"Johannesburg, South Africa",en,23-03-2023,6637
user_pgqntl35,"Chicago, USA",ru,15-07-2023,47634
user_wd54p4v2,"Paris, France",ar,18-08-2023,26645
user_orpq5vct,"Chicago, USA",pt,14-03-2023,27107
user_ieac3mj5,"Chicago, USA",de,04-01-2023,28812
user_oeg9yiqz,"São Paulo, Brazil",pt,23-12-2023,7528
user_2bd09win,"Rome, Italy",en,10-08-2023,11965
user_nq5irbxf,"Houston, USA",zh,20-04-2023,17046
user_w9qotuff,"Shanghai, China",ja,18-05-2023,11203
user_3dxz5ulg,"Munich, Germany",pt,07-10-2023,24698
user_z0feut2e,"Milan, Italy",hi,04-06-2023,30461
user_t1ebprsv,"Shanghai, China",zh,12-10-2023,17682
user_vzrxsn7d,"Mexico City, Mexico",pt,17-12-2023,46857
user_46nz84dw,"Madrid, Spain",ja,28-09-2023,15483
user_vfxs1pry,"Melbourne, Australia",fr,31-10-2023,19932
user_o94skjzg,"Sydney, Australia",es,15-07-2023,37281
user_owfyy4u0,"Mexico City, Mexico",ru,06-05-2023,31183
user_x4incpcb,Singapore,en,10-05-2023,3061
user_x9480750,"Cairo, Egypt",ru,26-11-2023,27437
user_fdavvfs9,"Shanghai, China",hi,14-10-2023,28740
user_u51hbic9,"Milan, Italy",zh,08-08-2023,3531
user_qq52pl85,"Shanghai, China",pt,10-05-2023,23934
user_7t2gp59a,"Berlin, Germany",zh,05-11-2023,37446
user_2te8mebn,"Lyon, France",fr,07-09-2023,8398
user_0tn4l0qh,"Dubai, UAE",de,22-08-2023,26141
user_azysdwyx,"Milan, Italy",es,30-06-2023,28547
user_rtd4u49d,"Toronto, Canada",pt,05-11-2023,10756
user_io0r2qdo,"Munich, Germany",zh,26-03-2023,13641
user_q6c1cez7,"Madrid, Spain",pt,03-12-2023,28222
user_y1n8mr0y,"Tokyo, Japan",pt,22-11-2023,35073
user_l1eyb03l,"Seoul, South Korea",ja,01-06-2023,32738
user_otg53r69,"Lagos, Nigeria",ar,04-10-2023,31825
user_wv5x4t03,"Houston, USA",ja,01-01-2023,28162
user_ooywbljj,"Dubai, UAE",ja,16-01-2023,45700
user_j3u6uwnr,"Chicago, USA",hi,01-12-2023,28369
user_r4gwis5e,"Shanghai, China",en,03-03-2023,33811
user_slqlepta,"Lagos, Nigeria",es,24-12-2023,40296
user_xkd9tkjq,"Sydney, Australia",ru,15-03-2023,5902
user_5udnicb6,"Beijing, China",pt,25-01-2023,21862
user_wr37s6cm,"Los Angeles, USA",ja,02-05-2023,40667
user_qmta1cuk,"Manchester, UK",zh,26-11-2023,44187
user_6mon7624,"Dubai, UAE",ja,13-06-2023,26804
user_3318o2cp,"Cairo, Egypt",zh,01-07-2023,2374
user_4osioctr,"Barcelona, Spain",ja,27-05-2023,4284
user_cyip1pki,"Houston, USA",zh,07-02-2023,19792
user_zz4hfjm7,"São Paulo, Brazil",ja,14-09-2023,18075
user_soj0hvzl,"Milan, Italy",de,30-03-2023,14453
user_w9frojsj,"Mexico City, Mexico",de,31-08-2023,15881
user_sgrcs7xk,"Madrid, Spain",ja,24-12-2023,9814
user_mvu6hdsm,"London, UK",fr,31-07-2023,7432
user_6jacneh7,"Beijing, China",ja,29-05-2023,32844
user_jnbq8wan,"Cairo, Egypt",ja,08-03-2023,26014
user_59i5fn0m,"Delhi, India",en,10-12-2023,37251
user_nh1o0jf3,"Seoul, South Korea",es,24-03-2023,23258
user_tzqt5z2m,"New York, USA",es,06-10-2023,32131
user_a9ysjusm,"Barcelona, Spain",zh,22-07-2023,21394
user_l35h2ubs,"São Paulo, Brazil",ar,24-10-2023,30281
user_71fmq8vv,"Paris, France",hi,24-07-2023,30746
user_muh53in5,"Vancouver, Canada",es,12-03-2023,20639
user_lq2eprhn,"Johannesburg, South Africa",de,21-04-2023,2434
user_bq4d19qm,"Shanghai, China",hi,04-03-2023,10193
user_p6njk6q4,"London, UK",fr,03-08-2023,27586
user_cpxksz4r,"Toronto, Canada",de,17-09-2023,49247
user_t59clgrj,"Milan, Italy",ar,06-10-2023,43441
user_z9ike75w,"Cairo, Egypt",ru,13-02-2023,29257
user_hydwb1c4,"Vancouver, Canada",de,18-08-2023,2516
user_po12745v,"Osaka, Japan",pt,13-02-2023,40728
user_dl3xyfx7,"Rome, Italy",hi,05-06-2023,16218
user_kjdhjed1,"Paris, France",en,20-03-2023,15413
user_n4b1bcqh,"Melbourne, Australia",de,31-10-2023,640
user_gcqp6ulk,"Houston, USA",zh,21-11-2023,42234
user_gre0h06x,"Beijing, China",es,17-11-2023,23303
user_teahnr7h,"New York, USA",ja,18-02-2023,30953
user_gg2lzb94,"Cairo, Egypt",hi,09-01-2023,21301
user_x6t03gzx,"Rome, Italy",ar,24-10-2023,5868
user_2ytzut7i,"Mumbai, India",fr,03-12-2023,17064
user_27gl0vx8,"Shanghai, China",zh,19-12-2023,39885
user_y21tyr3n,Singapore,hi,20-06-2023,26602
user_i45x0tl1,"Cairo, Egypt",ja,10-06-2023,34720
user_bgppnqks,"Tokyo, Japan",en,07-12-2023,15171
user_cyhf4eor,"Houston, USA",es,03-06-2023,14374
user_k050ttnw,"Shanghai, China",ru,10-05-2023,48576
user_eveg7bqi,"Manchester, UK",ja,27-04-2023,2633
user_sb57kdx4,"Manchester, UK",pt,04-06-2023,27173
user_frdud4v4,"Dubai, UAE",ru,15-04-2023,10884
user_5jgxm2om,"Mexico City, Mexico",en,27-12-2023,37353
user_l0mgj0v7,"Barcelona, Spain",ja,16-10-2023,35851
user_uumiilnv,"Houston, USA",es,01-09-2023,1568
user_68enpikx,"Houston, USA",en,26-07-2023,9364
user_yt2525cx,"Beijing, China",ja,09-10-2023,13894
user_xn2a0g8z,"Shanghai, China",ru,14-06-2023,45029
user_as209gf7,"Rio de Janeiro, Brazil",ja,27-08-2023,46583
user_sc6w53me,"Mexico City, Mexico",de,04-02-2023,11958
user_i4197bhy,"New York, USA",es,20-06-2023,37933
user_6k3wfv03,"Mexico City, Mexico",es,09-06-2023,13185
user_vgdizrp5,"Rio de Janeiro, Brazil",ja,14-01-2023,37196
user_i5ujajet,"São Paulo, Brazil",zh,15-04-2023,26833
user_q58jkdaj,"Munich, Germany",en,03-12-2023,29659
user_mlvgkgpu,"Seoul, South Korea",pt,06-07-2023,36362
user_096zrz0x,"Beijing, China",ru,30-09-2023,44273
user_n2ondgx6,"Los Angeles, USA",zh,03-07-2023,44576
user_gsa59ewq,"Houston, USA",de,20-12-2023,2194
user_7zljw927,"Lagos, Nigeria",ar,19-06-2023,15964
user_n0ok02rt,"Dubai, UAE",ru,13-02-2023,2531
user_e36lw9zl,"Lyon, France",zh,14-10-2023,41399
user_1ywmiv7e,"Manchester, UK",de,15-12-2023,41615
user_0xmoolhz,"New York, USA",zh,05-05-2023,34501
user_x47ltmhc,"Sydney, Australia",es,11-06-2023,30785
user_v0ylmnbx,"Johannesburg, South Africa",de,17-06-2023,48811
user_y68rd0ph,"Johannesburg, South Africa",es,04-06-2023,11155
user_nog4qbe8,"Shanghai, China",fr,01-04-2023,18710
user_gphppr64,"Chicago, USA",ar,17-08-2023,6219
user_p84zb3bc,"São Paulo, Brazil",fr,21-08-2023,1245
user_ct4c5m5p,"Manchester, UK",ru,29-12-2023,13416
user_vknr0v08,"Rome, Italy",fr,16-06-2023,15568
user_839fxdlb,"Mexico City, Mexico",ar,05-05-2023,15843
user_cju18iix,"Shanghai, China",ja,08-02-2023,20584
user_acjcz2y7,"Tokyo, Japan",en,11-06-2023,35112
user_nwe87ftw,"Chicago, USA",zh,16-12-2023,20021
user_tduwgto2,"London, UK",ja,14-10-2023,27272
user_93hbc8xe,"Mumbai, India",zh,23-12-2023,33087
user_hm5gz5e1,"Vancouver, Canada",fr,15-10-2023,33552
user_kacnf91b,"São Paulo, Brazil",hi,13-06-2023,38771
user_7ai9sd8e,"Munich, Germany",fr,20-05-2023,8361
user_my2pinn7,"Chicago, USA",de,05-06-2023,1038
user_bmay5rsp,"Cairo, Egypt",pt,08-11-2023,30587
user_01mu2x1s,"Toronto, Canada",es,02-11-2023,25887
user_brtwxcm4,"Seoul, South Korea",ar,12-12-2023,1802
user_hs5g35ed,"Lagos, Nigeria",fr,13-11-2023,14960
user_qv5ox0hb,"Rio de Janeiro, Brazil",en,01-03-2023,7724
user_5gi9jn4u,Singapore,en,09-08-2023,16464
user_j7xaj4fm,"Barcelona, Spain",ar,06-10-2023,35153
user_xgtlx302,"Lagos, Nigeria",ru,20-07-2023,42854
user_cax2bqkt,"Milan, Italy",es,18-02-2023,2589
user_0z594tjp,"Lyon, France",zh,25-02-2023,36674
user_bb3ygvae,Singapore,ja,13-09-2023,3302
user_yr80oaxg,"Osaka, Japan",fr,09-01-2023,30039
user_smlx8234,"Mumbai, India",ru,07-03-2023,23563
user_rbvbyj5y,"London, UK",ru,24-08-2023,2857
user_t0w6rkg0,"Melbourne, Australia",ja,24-06-2023,36025
user_k323dctm,"Barcelona, Spain",ar,24-07-2023,13404
user_ldp69jyi,"Houston, USA",en,20-08-2023,10057
user_716l1rz5,"Mexico City, Mexico",zh,06-09-2023,41236
user_c598rgin,"Johannesburg, South Africa",ar,23-09-2023,34632
user_z05ow6gf,"Melbourne, Australia",ja,31-08-2023,40052
user_pa5oa4sx,"Lagos, Nigeria",ar,05-08-2023,42422
user_nfgm6ygg,"London, UK",hi,23-11-2023,44364
user_w3hcoi82,"São Paulo, Brazil",zh,17-04-2023,11287
user_f3mpmelw,"Lagos, Nigeria",es,15-01-2023,42636
user_e4woaioc,"Mexico City, Mexico",ja,16-05-2023,19459
user_gv4hxtvt,"Mexico City, Mexico",pt,29-09-2023,42219
user_qpyuqb17,"Madrid, Spain",es,15-02-2023,3564
user_8gk2so0l,"Melbourne, Australia",hi,03-11-2023,44235
user_ncbd7ffc,"Toronto, Canada",ar,03-09-2023,6667
user_edi9lmxp,"Madrid, Spain",de,04-10-2023,22782
user_vhbx0pma,"Rio de Janeiro, Brazil",zh,01-10-2023,12556
user_35tibb0k,"Shanghai, China",hi,28-05-2023,24318
user_tv6wlfth,"Manchester, UK",pt,31-01-2023,34803
user_bz6biydx,"Barcelona, Spain",hi,24-11-2023,15283
user_extpr91a,"Chicago, USA",fr,27-02-2023,3802
user_98oho4g9,"Berlin, Germany",es,21-10-2023,27521
user_qdztdeac,"Melbourne, Australia",zh,27-08-2023,14266
user_lud7izx7,"Paris, France",ru,13-01-2023,31791
user_jzxknj0a,"Tokyo, Japan",en,21-07-2023,23133
user_krbg23md,"Barcelona, Spain",ja,25-01-2023,31996
user_0j0vawcx,"Houston, USA",ja,20-08-2023,16446
user_ral75hq0,"Shanghai, China",ja,01-06-2023,15628
user_yh4mti67,"Milan, Italy",de,04-11-2023,28053
user_v3gdku2a,"Melbourne, Australia",zh,14-04-2023,39286
user_q3gj5tmv,"Beijing, China",ja,17-04-2023,33820
user_jca45sot,"Mumbai, India",zh,07-12-2023,35921
user_sfnffvo4,"Vancouver, Canada",en,15-12-2023,42582
user_yox4craa,"Melbourne, Australia",ja,22-04-2023,24319
user_yjzkhyez,"Tokyo, Japan",ar,20-08-2023,5089
user_15fd58cq,"Lyon, France",de,14-08-2023,16272
user_kiebkz7i,"Sydney, Australia",hi,28-06-2023,34969
user_us4gqp8w,"Cairo, Egypt",es,21-06-2023,23708
user_oxswrjmr,"Delhi, India",ja,12-12-2023,48467
user_94hehp26,"London, UK",ar,02-05-2023,33258
user_xqqs2vme,"Sydney, Australia",de,11-05-2023,24857
user_sdb7mjpm,"Dubai, UAE",pt,27-01-2023,14894
user_ep20r6t6,"Shanghai, China",de,27-04-2023,12761
user_c66mua3o,"Rome, Italy",hi,09-05-2023,34339
user_7ttenau3,"Milan, Italy",pt,10-12-2023,37288
user_2suxlz6r,"Toronto, Canada",de,26-06-2023,24550
user_34p96r93,"Tokyo, Japan",ru,22-03-2023,40540
user_3l8kzask,"Seoul, South Korea",es,10-09-2023,11009
user_lpjugo20,"Beijing, China",zh,30-10-2023,15848
user_fmv8168w,"Munich, Germany",fr,18-08-2023,32817
user_bf5c7eq4,"Lyon, France",hi,04-06-2023,10579
user_6foacnhi,"Beijing, China",es,17-04-2023,48467
user_ysobum87,"Seoul, South Korea",ar,08-08-2023,34867
user_uha46wkt,"Tokyo, Japan",es,12-01-2023,36894
user_5e327fyv,"Shanghai, China",en,27-03-2023,14216
user_qaysndm3,"Sydney, Australia",ar,31-01-2023,39448
user_dixsdewf,"Beijing, China",es,13-09-2023,45746
user_nsycb2gi,"New York, USA",ja,15-12-2023,49104
user_irfxbf0q,"Johannesburg, South Africa",fr,17-09-2023,3238
user_8i81i0p7,"Los Angeles, USA",en,02-01-2023,49518
user_rbtp63n2,"Munich, Germany",en,17-12-2023,49119
user_4irinnz8,"Los Angeles, USA",ru,02-06-2023,38751
user_ihrxnz9u,"Mexico City, Mexico",fr,09-12-2023,18006
user_ouqw1ta1,"Tokyo, Japan",es,21-11-2023,38452
user_rr1uzkql,"Milan, Italy",de,31-10-2023,1069
user_azj09nr4,"London, UK",es,02-05-2023,40700
user_xg8l4fvi,"Rio de Janeiro, Brazil",hi,13-06-2023,18949
user_5r58l1kr,"Osaka, Japan",zh,13-09-2023,23520
user_2413uvvt,Singapore,es,25-05-2023,18809
user_8776jund,"Delhi, India",en,07-03-2023,21147
user_4wv36fuu,"Osaka, Japan",fr,31-03-2023,23582
user_084pfdpp,"Melbourne, Australia",ar,11-02-2023,33781
user_7m4jcssq,"Rome, Italy",hi,26-02-2023,1114
user_5wc8pv88,Singapore,zh,08-12-2023,39341
user_1fg1p9nd,"Mumbai, India",de,30-11-2023,28852
user_51vr42t3,"Osaka, Japan",ja,04-08-2023,26761
user_3g7d4564,"Johannesburg, South Africa",pt,27-12-2023,36459
user_ofpvkxmw,"Paris, France",ar,14-10-2023,42898
user_42iz424k,"Rio de Janeiro, Brazil",hi,30-08-2023,15154
user_g634p4h2,"Cairo, Egypt",ru,15-04-2023,25978
user_7djuqed1,"Shanghai, China",zh,11-03-2023,26907
user_y6jql5am,"Mexico City, Mexico",en,02-06-2023,46697
user_j3tr99n2,"Osaka, Japan",de,17-12-2023,23154
user_h39vyus8,"Berlin, Germany",pt,28-01-2023,38397
user_kk7dutiy,"Rio de Janeiro, Brazil",en,05-01-2023,19785
user_jslp3nh3,"Paris, France",en,08-01-2023,30660
user_gp93zm40,"Johannesburg, South Africa",es,23-10-2023,9875
user_i6bgsjcr,"Barcelona, Spain",pt,14-01-2023,1654
user_kk8r2fjf,"Rio de Janeiro, Brazil",ar,14-04-2023,12935
user_hq1akhdd,"Osaka, Japan",ja,05-09-2023,10354
user_npcpkikb,"Osaka, Japan",ja,20-12-2023,27589
user_u02jbwra,"London, UK",de,24-01-2023,8141
user_1txxsoau,"Dubai, UAE",ru,01-05-2023,17465
user_fxsobysv,"Sydney, Australia",es,17-12-2023,10948
user_ha9bzru4,"Toronto, Canada",de,09-04-2023,608
user_xe0wxe5p,"Osaka, Japan",de,16-10-2023,15012
user_x87qma0e,"Lagos, Nigeria",fr,28-03-2023,39223
user_j5tr3n1z,"Osaka, Japan",de,16-07-2023,29666
user_m5o36yfr,"Rio de Janeiro, Brazil",ar,11-08-2023,36159
user_248wgev4,"Osaka, Japan",zh,16-03-2023,9888
user_c4qqdoi5,"Sydney, Australia",de,09-08-2023,44786
user_778m0v2w,"Toronto, Canada",hi,18-11-2023,36094
user_st7yzsas,"Lyon, France",ru,29-08-2023,9870
user_cqevrtnt,"Johannesburg, South Africa",ja,04-12-2023,5823
user_57r6dkm6,"Vancouver, Canada",hi,19-01-2023,6699
user_dz860k6t,"Mexico City, Mexico",ru,06-09-2023,22727
user_ja1dmtpu,"Munich, Germany",ar,17-06-2023,32283
user_5jnvufdb,"Delhi, India",de,28-11-2023,47808
user_ff1fie1h,"Munich, Germany",ru,15-01-2023,34366
user_fw6e06ah,"Lyon, France",ja,25-05-2023,25305
user_813rh2sb,"Mexico City, Mexico",de,18-04-2023,16274
user_otnej75v,"Los Angeles, USA",en,06-02-2023,31079
user_j2nrh7s5,"São Paulo, Brazil",ja,25-07-2023,3512
user_s0cvgsc5,"Berlin, Germany",ru,20-07-2023,36087
user_cssz1rea,"Tokyo, Japan",hi,09-09-2023,7863
user_izlngxn6,"Shanghai, China",pt,02-05-2023,44716
user_zjpba9my,"Chicago, USA",es,23-07-2023,37507
user_m41ak7tz,"Shanghai, China",hi,30-08-2023,1498
user_7tzoxyvz,"Paris, France",en,01-04-2023,29119
user_r0nd04lv,"Manchester, UK",hi,17-08-2023,39846
user_58rc29a2,"Munich, Germany",fr,28-09-2023,29379
user_bov4fbd2,"Beijing, China",en,25-03-2023,29205
user_8js3zac5,"Barcelona, Spain",ru,15-03-2023,16218
user_3o7w66o2,"Berlin, Germany",ja,28-11-2023,49944
user_jck2yka1,"Berlin, Germany",en,28-07-2023,47158
user_6p4r01di,"Beijing, China",hi,07-02-2023,41418
user_tssb52vk,"Mumbai, India",ru,12-07-2023,43273
user_i11d4wfo,"Shanghai, China",ar,30-05-2023,43184
user_zlwfitj0,"Chicago, USA",ja,06-03-2023,3699
user_z9n3lwuk,"Mumbai, India",zh,20-12-2023,15158
user_suc2uijv,"Berlin, Germany",pt,09-11-2023,22923
user_31qdm3s9,"Rio de Janeiro, Brazil",pt,06-12-2023,33635
user_t4asqy15,"Houston, USA",ja,28-02-2023,26040
user_ckgkg0br,"São Paulo, Brazil",zh,23-02-2023,16387
user_jnal1xxn,"Los Angeles, USA",zh,28-10-2023,8823
user_3wi6ruy5,"Seoul, South Korea",zh,29-09-2023,28743
user_58if8cys,"Madrid, Spain",ar,10-12-2023,12998
user_vmq5ek39,"Madrid, Spain",pt,02-05-2023,25187
user_pt5esn7d,"Dubai, UAE",zh,30-05-2023,19081
user_0v6j8dal,"Chicago, USA",ru,12-10-2023,33723
user_4glw6rrj,"Mexico City, Mexico",ar,17-11-2023,6004
user_kk1qdsq3,"New York, USA",ru,27-12-2023,32189
user_ipbdrtzc,"São Paulo, Brazil",pt,18-02-2023,27349
user_z6hw1i3y,"Barcelona, Spain",zh,25-03-2023,47636
user_h4lueh1i,"Sydney, Australia",en,09-12-2023,17902
user_0fraxbyo,"Melbourne, Australia",es,30-11-2023,15607
user_x0g342nz,"Houston, USA",ar,14-02-2023,9008
user_mqavwkbn,"Dubai, UAE",en,25-05-2023,36590
user_v0r1gvuj,"Melbourne, Australia",zh,25-12-2023,47233
user_zeija5lf,"Munich, Germany",ar,19-03-2023,41461
user_1qiu13dr,"Milan, Italy",fr,14-05-2023,32906
user_lnbrfbja,"Melbourne, Australia",ru,09-12-2023,48769
user_4si1kva2,"Johannesburg, South Africa",ar,08-10-2023,48682
user_5hllls25,"Houston, USA",en,18-07-2023,44839
user_i7gbnt1o,"Tokyo, Japan",ru,01-10-2023,33650
user_go5yskr8,"Paris, France",pt,16-06-2023,4905
user_bowkbcof,"Los Angeles, USA",ja,12-03-2023,40966
user_9nowwm9z,"Shanghai, China",pt,18-12-2023,43032
user_uozn4bg0,"London, UK",de,18-10-2023,41161
user_g271vgx2,"London, UK",fr,12-04-2023,32504
user_4i8oqswh,"Mumbai, India",fr,09-05-2023,8760
user_golhwj2p,"New York, USA",de,30-05-2023,22862
user_lq94qyn2,"Chicago, USA",en,07-12-2023,33879
user_ghvkvfa7,"Munich, Germany",en,31-08-2023,12899
user_h6g9kjdx,"Delhi, India",de,12-03-2023,2191
user_5s9ifp0y,"Barcelona, Spain",hi,29-10-2023,28412
user_7jzfhdtm,"Delhi, India",zh,22-09-2023,44500
user_m5dvw4i8,"Barcelona, Spain",fr,30-09-2023,2038
user_x2l3g4q0,"Los Angeles, USA",ja,20-06-2023,46088
user_fjvrclrt,"Munich, Germany",ar,22-05-2023,23614
user_przn32mt,"Mumbai, India",ru,08-04-2023,8050
user_5g45dehl,"Rio de Janeiro, Brazil",ar,14-01-2023,26719
user_681nimaz,"Delhi, India",ru,15-07-2023,25239
user_vgfgyt5r,"Chicago, USA",hi,08-09-2023,26413
user_xkt80br3,"Rio de Janeiro, Brazil",ru,05-11-2023,37687
user_b8ysn8r5,"Shanghai, China",hi,21-09-2023,49699
user_lv9ygnvu,"Dubai, UAE",hi,25-05-2023,17426
user_707p97km,"Lyon, France",es,08-09-2023,3039
user_217ifsky,"Dubai, UAE",ja,21-11-2023,45783
user_3yu3mkxs,"Tokyo, Japan",pt,19-07-2023,7564
user_nd1s5fa0,Singapore,en,05-12-2023,29151
user_ern153cu,"Rome, Italy",ar,23-01-2023,25695
user_rohqoenb,"Manchester, UK",en,11-10-2023,7323
user_n7kd29ty,"São Paulo, Brazil",fr,21-03-2023,46705
user_h8g2fyv0,"London, UK",es,11-07-2023,4209
user_olqc0pfx,"Munich, Germany",pt,30-04-2023,19479
user_ittg19ak,"Lyon, France",fr,04-06-2023,32111
user_gdb4jae5,"Milan, Italy",en,29-11-2023,46803
user_ngs7bvtc,"Rio de Janeiro, Brazil",fr,05-05-2023,11568
user_kr0ydzhh,"Barcelona, Spain",fr,18-06-2023,49836
user_yvvywn4j,"Los Angeles, USA",de,07-02-2023,41000
user_5lj3201e,"Seoul, South Korea",pt,07-09-2023,42837
user_vddrbq40,"Mumbai, India",zh,07-06-2023,39243
user_t2547yd6,"Mumbai, India",hi,09-02-2023,8248
user_32g9y8pw,"Beijing, China",ja,18-08-2023,1876
user_u7nyucfk,"Manchester, UK",es,27-09-2023,15321
user_5v4ez5kc,"Mexico City, Mexico",fr,06-09-2023,7011
user_auaf6zqu,"Tokyo, Japan",ja,21-08-2023,8613
user_61lc4emm,"Munich, Germany",pt,09-11-2023,23052
user_750rlmnw,"Mumbai, India",pt,03-09-2023,20546
user_sb41iss4,"Beijing, China",ar,19-12-2023,21850
user_0rnh8g2o,"Beijing, China",ru,31-08-2023,41241
user_t2e8zk5w,"Melbourne, Australia",ar,21-08-2023,28784
user_yqdus3x1,"Seoul, South Korea",en,14-12-2023,39684
user_15i5qfz3,"Osaka, Japan",ja,01-04-2023,6975
user_7ccsgn39,"Barcelona, Spain",zh,06-07-2023,23684
user_g610crca,"São Paulo, Brazil",ar,04-11-2023,41246
user_1egrs2d8,"Sydney, Australia",ja,13-08-2023,17538
user_36v8f0yz,"Mexico City, Mexico",zh,26-04-2023,11654
user_xjul716c,"Mumbai, India",ru,12-05-2023,23780
user_ercb72ke,"Cairo, Egypt",ar,09-04-2023,29120
user_cuzig14g,"Cairo, Egypt",ar,15-05-2023,8070
user_qfjg4dgu,"Rome, Italy",hi,03-12-2023,9926
user_lfwnie3f,"Shanghai, China",ru,28-04-2023,2127
user_nr13gfvy,"Madrid, Spain",zh,01-05-2023,29449
user_aedwfomw,"São Paulo, Brazil",ar,28-04-2023,11678
user_8us9faqu,Singapore,fr,11-09-2023,15904
user_xvjv6y6x,"Los Angeles, USA",es,26-03-2023,13992
user_lpbl0f5y,"Osaka, Japan",ru,30-12-2023,14003
user_i2pgjzdu,"Delhi, India",ru,16-10-2023,36881
user_pgqj40dx,"Toronto, Canada",es,18-08-2023,29989
user_dkrkjvcx,"Melbourne, Australia",ja,31-08-2023,6682
user_y5l4u31p,"Rio de Janeiro, Brazil",en,29-08-2023,44106
user_go6yx0fm,"Berlin, Germany",zh,16-09-2023,20088
user_gq0rypar,"Mumbai, India",zh,20-03-2023,17672
user_wouds22l,"Los Angeles, USA",fr,15-06-2023,44825
user_c7t5ufm1,"Tokyo, Japan",ja,02-08-2023,30697
user_q2y6x6ct,"Delhi, India",zh,25-04-2023,48128
user_8w06w1qu,"Melbourne, Australia",es,11-11-2023,41923
user_pwnr2cuw,"Melbourne, Australia",ja,28-10-2023,20965
user_282w0ezf,"Munich, Germany",fr,18-10-2023,34203
user_5cvmwjfa,"Seoul, South Korea",ru,06-04-2023,38237
user_8o6sps0v,"Chicago, USA",ja,27-02-2023,11740
user_uaxe52m7,"Vancouver, Canada",ru,18-06-2023,42324
user_akhce770,"São Paulo, Brazil",de,06-11-2023,30056
user_i15alzcr,Singapore,pt,02-07-2023,37046
user_d4eat3v3,"Tokyo, Japan",de,22-07-2023,49914
user_jwbcsj0z,"Chicago, USA",fr,17-10-2023,6224
user_k7r639d6,"Rome, Italy",de,14-05-2023,358
user_74hhbvxk,"Johannesburg, South Africa",hi,04-08-2023,45091
user_5ifruk1b,"New York, USA",de,15-11-2023,3442
user_zsdvwipi,"Mexico City, Mexico",ru,26-12-2023,19291
user_fy2c6qch,"Sydney, Australia",pt,10-11-2023,31362
user_lkkaeb12,"Osaka, Japan",en,25-03-2023,36871
user_wdpk36tw,"Shanghai, China",zh,22-05-2023,8351
user_v8qu1p8i,"Vancouver, Canada",ru,01-11-2023,36269
user_1uapaxtp,"Cairo, Egypt",de,16-10-2023,36015
user_l20ptiu5,"Melbourne, Australia",es,19-11-2023,31276
user_ysu054dr,Singapore,de,16-04-2023,13639
user_gxi7j44a,"Barcelona, Spain",zh,06-07-2023,5221
user_mxyu76aq,"Lyon, France",es,28-03-2023,48750
user_3fjv1ho7,"Rio de Janeiro, Brazil",ru,17-09-2023,23418
user_z6qgqt5r,"Beijing, China",ar,22-10-2023,13029
user_n60azzwm,"Los Angeles, USA",en,30-06-2023,16767
user_718ipw64,"Osaka, Japan",es,16-04-2023,46870
user_y0mvxe0c,"Houston, USA",pt,17-10-2023,27658
user_1idhro2x,Singapore,es,26-05-2023,22564
user_z5ziquih,"Rio de Janeiro, Brazil",ja,02-11-2023,23506
user_qiao0yuu,"Milan, Italy",fr,16-08-2023,18414
user_6qudu5ws,"Berlin, Germany",en,18-03-2023,44906
user_2y7586xm,"New York, USA",hi,02-04-2023,19874
user_dcovm3wj,"Mexico City, Mexico",fr,21-09-2023,41224
user_7xmgfrdi,"Seoul, South Korea",en,07-08-2023,7428
user_15lozcpe,"Mexico City, Mexico",zh,28-07-2023,44345
user_wv8uyimq,"Los Angeles, USA",ja,11-05-2023,5498
user_72satzpm,"Osaka, Japan",fr,07-11-2023,45295
user_e8m3xd6h,"Osaka, Japan",fr,21-04-2023,40451
user_cgwp945e,"São Paulo, Brazil",de,22-02-2023,38693
user_14ibkds2,Singapore,ar,26-06-2023,7361
user_hl5t4pj7,"Shanghai, China",fr,12-09-2023,6995
user_8ana73xc,"Houston, USA",pt,23-04-2023,28463
user_puypdmp1,"Milan, Italy",zh,29-12-2023,13965
user_g37hrbp3,"Cairo, Egypt",ja,29-10-2023,6699
user_fietp9xk,"Shanghai, China",ru,30-09-2023,40252
user_i1cf6it0,"Los Angeles, USA",ru,28-08-2023,15096
user_gqley07k,"São Paulo, Brazil",hi,04-12-2023,23356
user_acrnl9py,"Vancouver, Canada",zh,24-01-2023,5971
user_xi0hyp64,"Barcelona, Spain",en,14-11-2023,5346
user_gixgrawk,"São Paulo, Brazil",fr,25-06-2023,23531
user_l7r2bz9p,Singapore,hi,06-09-2023,44363
user_w5e6fyqi,"Rome, Italy",ar,01-09-2023,22994
user_634lriof,"London, UK",ja,21-01-2023,12327
user_z9zzi99c,"New York, USA",hi,07-03-2023,27660
user_xy18u6gg,"Milan, Italy",pt,11-11-2023,22786
user_4f8xfwc5,"Beijing, China",ja,23-03-2023,14834
user_pdbi7llj,"Johannesburg, South Africa",fr,20-08-2023,789
user_ho2plm16,"Houston, USA",en,28-11-2023,37616
user_zrm2zekc,"Rio de Janeiro, Brazil",pt,29-05-2023,6381
user_tq6e1kd2,"Melbourne, Australia",pt,06-03-2023,48440
user_egkvyaal,"Beijing, China",zh,27-08-2023,47080
user_wggdllvb,"Barcelona, Spain",fr,01-12-2023,42749
user_vbe572r4,"Mumbai, India",es,12-12-2023,19318
user_g5a3zs71,"Lyon, France",fr,06-12-2023,26819
user_vzy4krml,"Sydney, Australia",fr,24-12-2023,6272
user_bnswpe65,"Sydney, Australia",hi,17-08-2023,20002
user_7selb7kr,"Rio de Janeiro, Brazil",de,18-11-2023,28542
user_u98jwp3f,"Chicago, USA",zh,20-04-2023,49936
user_r8fgmygb,"London, UK",zh,19-09-2023,5462
user_1nt0zhsu,"Toronto, Canada",ru,24-10-2023,45771
user_498vaurf,"Dubai, UAE",zh,24-02-2023,39939
user_jpjfe0mm,"Lyon, France",en,11-10-2023,26099
user_c6x0yszg,"Melbourne, Australia",ar,13-04-2023,48384
user_ec3q4urm,"Cairo, Egypt",zh,14-02-2023,26940
user_hfqxjqrc,"Vancouver, Canada",en,09-12-2023,39278
user_eocjg4nr,"Johannesburg, South Africa",es,13-08-2023,7268
user_16e488cy,"Madrid, Spain",hi,19-01-2023,30617
user_v469etxv,Singapore,fr,15-11-2023,23469
user_fqfldx38,"Melbourne, Australia",ru,26-01-2023,25120
user_k3wqnnz3,"Lagos, Nigeria",ja,29-05-2023,41608
user_8css3app,"Chicago, USA",en,27-01-2023,24506
user_i1e1kek5,"Vancouver, Canada",zh,01-10-2023,46765
user_zq2nib62,"Delhi, India",ja,05-08-2023,5153
user_ffgz3fqf,"Los Angeles, USA",ja,05-04-2023,39085
user_aygdsxd5,"Beijing, China",fr,08-07-2023,11602
user_peh5363f,"Munich, Germany",ja,08-09-2023,5225
user_mb4v71r8,"Manchester, UK",fr,01-02-2023,34078
user_g4wvcqoa,"Delhi, India",de,13-07-2023,20556
user_r46af80k,"Berlin, Germany",pt,08-12-2023,25928
user_c66o14p3,"Osaka, Japan",ja,04-01-2023,24996
user_g8q08z4s,"Seoul, South Korea",es,14-02-2023,19765
user_y0v0eo61,"Berlin, Germany",hi,03-01-2023,12771
user_t7fnjde0,"Rome, Italy",zh,21-09-2023,15051
user_q6zxw0b0,"Mumbai, India",hi,11-03-2023,11339
user_y2kevkc6,"Shanghai, China",ru,13-06-2023,23145
user_5td0e1us,Singapore,en,14-02-2023,6747
user_avt1fzq5,"São Paulo, Brazil",ar,03-06-2023,47923
user_l9mm6sge,"Munich, Germany",en,04-04-2023,19754
user_tjmmxujl,"São Paulo, Brazil",hi,08-10-2023,6675
user_cp951gop,"Houston, USA",ar,24-06-2023,31879
user_gv4jqg3n,"Toronto, Canada",es,27-08-2023,27493
user_maxv53zu,"Melbourne, Australia",zh,08-06-2023,40782
user_bs6fwfa7,"Sydney, Australia",pt,14-01-2023,8103
user_zgfowqqb,"Munich, Germany",de,30-11-2023,34765
user_ujllj1n7,"Chicago, USA",es,04-12-2023,49855
user_17wg6hsy,"Lagos, Nigeria",pt,27-10-2023,19199
user_pwkizrc1,Singapore,hi,15-04-2023,12613
user_4zp9ao9r,"Berlin, Germany",de,25-05-2023,11678
user_mtg94j65,Singapore,es,09-01-2023,20212
user_tmjtxubu,"Seoul, South Korea",ja,07-05-2023,48104
user_l29bqzje,"Mumbai, India",de,20-05-2023,14125
user_7fzzash4,"Milan, Italy",ar,11-07-2023,15535
user_66dni3rx,"Manchester, UK",en,08-08-2023,2893
user_owjibgyy,"Barcelona, Spain",en,04-04-2023,30139
user_tyte2cxw,"Chicago, USA",ru,29-08-2023,7823
user_skkg3n6w,"Lagos, Nigeria",fr,20-11-2023,43957
user_gxehbnkq,"Tokyo, Japan",ru,02-07-2023,44124
user_he4o0aak,"Paris, France",ja,04-01-2023,42872
user_eq3xvzzh,"Cairo, Egypt",zh,19-11-2023,8670
user_qobhni7e,"Lyon, France",es,26-01-2023,17295
user_x24wilk1,"London, UK",ru,12-09-2023,35907
user_1r0kftmv,"Los Angeles, USA",ru,11-06-2023,5380
user_pd05k44w,"Dubai, UAE",es,19-08-2023,7370
user_5wmdl0y4,"Dubai, UAE",hi,11-07-2023,49404
user_0q7j2ayv,"Rio de Janeiro, Brazil",pt,17-01-2023,23427
user_mpu4oig7,"Osaka, Japan",ja,28-02-2023,23515
user_wv2z6vw8,"Milan, Italy",ar,06-02-2023,28937
user_nha6qskx,"Osaka, Japan",de,07-11-2023,38177
user_e4rss07t,"Houston, USA",ja,24-07-2023,578
user_2s55cc9o,"Melbourne, Australia",ja,15-01-2023,33673
user_5l88n5x2,"Tokyo, Japan",ru,16-08-2023,8779
user_w7032rkh,"Dubai, UAE",zh,26-11-2023,16258
user_yo4lkmee,"Manchester, UK",ar,31-08-2023,32712
user_x2t8qu7s,"Manchester, UK",en,22-05-2023,32551
user_r9b95awv,"Houston, USA",ar,01-08-2023,19206
user_4oo5d5h3,"São Paulo, Brazil",ja,14-04-2023,13017
user_sypzgjkq,"Houston, USA",es,08-01-2023,251
user_8wk0j5ae,"Los Angeles, USA",zh,01-11-2023,36943
user_cgba70jv,"Chicago, USA",fr,19-05-2023,24984
user_rscyqide,"Shanghai, China",es,13-02-2023,4478
user_w8tmoixg,"Dubai, UAE",ru,06-05-2023,26227
user_nz4b01j0,"Munich, Germany",ru,07-07-2023,19419
user_kdpzdt3l,"Manchester, UK",ar,03-10-2023,8661
user_ul9vcts3,"Madrid, Spain",ar,25-10-2023,36347
user_wn6shb1b,"Melbourne, Australia",ar,17-04-2023,34188
user_l69l878q,"Milan, Italy",pt,11-04-2023,5305
user_rj984hbd,"Los Angeles, USA",pt,20-11-2023,29909
user_b0i0cdr4,"Munich, Germany",zh,27-06-2023,18616
user_7nemrhnp,"Tokyo, Japan",ar,21-08-2023,33408
user_k4pr4zkz,"Dubai, UAE",pt,22-10-2023,33474
user_4mf7je2u,"Seoul, South Korea",es,29-12-2023,36544
user_ufolriaa,"Manchester, UK",fr,31-01-2023,13928
user_ei2dj82r,"Beijing, China",en,31-12-2023,39910
user_6e99lerx,"Berlin, Germany",zh,09-06-2023,25366
user_kvu7ljf2,"São Paulo, Brazil",es,18-06-2023,15383
user_vebae5wn,"Melbourne, Australia",ja,08-11-2023,26919
user_jrqo44md,"Munich, Germany",en,01-10-2023,3826
user_sk29dqyu,"Lagos, Nigeria",ar,04-11-2023,18327
user_4f8e57uf,"Paris, France",de,28-07-2023,38172
user_rogn8kmu,"Vancouver, Canada",en,27-01-2023,21664
user_2lslaaod,"Lyon, France",pt,10-07-2023,7105
user_kq59zq55,"Delhi, India",zh,07-01-2023,7868
user_p1ckbgu0,"Beijing, China",hi,17-02-2023,844
user_7walmm9o,"Toronto, Canada",ar,25-07-2023,40824
user_0lbnqegj,"Osaka, Japan",ru,30-03-2023,6358
user_zhiuj226,"Delhi, India",hi,19-11-2023,40671
user_mzrknkeu,"Manchester, UK",en,21-12-2023,24439
user_gl6nmk6h,"Rome, Italy",de,22-09-2023,6996
user_qw0xi52z,"New York, USA",fr,10-08-2023,48086
user_potbol01,"Munich, Germany",hi,21-10-2023,26392
user_14r9qzdz,"Madrid, Spain",ar,07-04-2023,16489
user_lvmec9t6,"Los Angeles, USA",ja,31-03-2023,7089
user_2wy1g2f0,"London, UK",en,19-02-2023,5197
user_54ebzr3z,"London, UK",zh,30-08-2023,606
user_u7cey8cm,"Mumbai, India",fr,23-05-2023,32295
user_uerv85na,"Rome, Italy",de,30-04-2023,1824
user_bqmsj27g,"Lyon, France",ru,29-08-2023,30740
user_2tbdto09,"Melbourne, Australia",es,17-01-2023,15224
user_outa8g9m,"Milan, Italy",es,31-03-2023,6019
user_swf9alie,"Dubai, UAE",es,27-10-2023,23651
user_6aqnsm4k,"Los Angeles, USA",ar,19-11-2023,18647
user_jh3b8sqc,"São Paulo, Brazil",zh,23-02-2023,7366
user_4ofue7ij,"Vancouver, Canada",hi,01-04-2023,25917
user_wyeb78qv,"Dubai, UAE",pt,02-09-2023,24634
user_zg4kjiw1,"Rome, Italy",ja,05-03-2023,35298
user_k50p8lf4,"Berlin, Germany",es,02-07-2023,10744
user_njtvacei,"Dubai, UAE",fr,13-09-2023,8100
user_6q9v2e5a,"Milan, Italy",pt,07-01-2023,35445
user_sc48kef8,"Vancouver, Canada",en,01-03-2023,14772
user_rfx3nz4u,"London, UK",de,23-01-2023,20354
user_tmvu514q,"New York, USA",es,28-02-2023,42732
user_q4xj4dj6,"Beijing, China",pt,03-02-2023,29536
user_asywpn6e,"Paris, France",en,20-06-2023,28990
user_wwjfzbxm,"Paris, France",pt,10-04-2023,2328
user_ffnoykfo,"Barcelona, Spain",pt,07-02-2023,37122
user_vwiysddq,"Chicago, USA",ar,04-02-2023,32766
user_o8le7hqf,"Paris, France",zh,26-06-2023,13313
user_jm7686o2,"Rome, Italy",en,23-03-2023,3152
user_0jp66e6p,"São Paulo, Brazil",es,21-06-2023,21437
user_45oah4w1,"Tokyo, Japan",hi,25-09-2023,43306
user_x3ozm1i6,"Lagos, Nigeria",ru,02-08-2023,39598
user_8ryfkdug,"Mumbai, India",hi,07-08-2023,34796
user_d3ymednx,"Lyon, France",zh,27-07-2023,17904
user_4jixdawy,"Barcelona, Spain",pt,01-01-2023,3507
user_oarrz3h1,"Los Angeles, USA",de,07-09-2023,36319
user_z5l7dqzu,"Delhi, India",fr,31-03-2023,22128
user_pnb7ohhm,"Delhi, India",ru,16-01-2023,23748
user_wb4t2r58,"Chicago, USA",es,28-02-2023,8509
user_nlubv6mf,"Vancouver, Canada",fr,18-08-2023,41962
user_i52at5kz,"Vancouver, Canada",pt,11-05-2023,5608
user_44h4xl31,"Houston, USA",ru,12-11-2023,48691
user_skl4j2ok,Singapore,ar,24-02-2023,47412
user_2a9bu71t,"Los Angeles, USA",fr,15-08-2023,20046
user_37dj1hp7,"Dubai, UAE",fr,11-08-2023,28253
user_cbswmk3b,"Beijing, China",ru,22-02-2023,8109
user_rifmkpck,"Mumbai, India",ar,06-01-2023,1074
user_t38nl55r,"Berlin, Germany",ja,09-06-2023,6743
user_wbk1x0kc,"Vancouver, Canada",fr,06-01-2023,41361
user_9r55gqow,"Cairo, Egypt",es,20-08-2023,29901
user_bqemwj0m,"Dubai, UAE",fr,01-01-2023,14780
user_7rdiojrn,"Mumbai, India",ja,17-12-2023,40870
user_44c2rr04,"Mumbai, India",ar,26-10-2023,33035
user_zmk7o7v0,"Mexico City, Mexico",ru,23-06-2023,14414
user_sq4ch5k2,"Chicago, USA",en,30-12-2023,11867
user_fbi471s9,"Shanghai, China",fr,30-10-2023,2778
user_v4g3pbbm,"Chicago, USA",zh,10-08-2023,24691
user_ukynz4tc,"Tokyo, Japan",ja,26-06-2023,32068
user_w4p8zi5g,"Madrid, Spain",hi,10-02-2023,7103
user_ear3km1w,"Barcelona, Spain",ru,01-08-2023,2797
user_0xl8jeow,"Dubai, UAE",pt,14-02-2023,24454
user_bexy30h4,"Mumbai, India",en,14-04-2023,44016
user_tdtogzrh,"Paris, France",hi,01-12-2023,42085
user_qztfr35l,"Vancouver, Canada",ar,29-01-2023,39486
user_yti77nnr,"Toronto, Canada",en,15-05-2023,24728
user_yu2w96i5,"Delhi, India",hi,19-03-2023,9772
user_056jjlrt,Singapore,ja,16-01-2023,41352
user_kywmd97r,"Cairo, Egypt",ar,26-05-2023,47309
user_mc45jax7,"Madrid, Spain",en,09-08-2023,32003
user_9ah9kjau,"Beijing, China",fr,10-11-2023,43313
user_skyrjwge,"Chicago, USA",en,25-09-2023,17357
user_8rtb88jl,"Mexico City, Mexico",ru,23-07-2023,15053
user_ml9aeuua,"Beijing, China",ja,02-02-2023,37131
user_1ol09hyk,"Sydney, Australia",ru,11-10-2023,42907
user_5a2qumkk,"Madrid, Spain",es,06-04-2023,45960
user_2515g13o,"Melbourne, Australia",fr,05-12-2023,25991
user_nceqgt3f,"Toronto, Canada",es,26-04-2023,41263
user_a0bf0ref,"Madrid, Spain",pt,25-11-2023,29706
user_pepwpd8e,"Lyon, France",pt,27-05-2023,4752
user_evp5iscs,"Shanghai, China",es,27-11-2023,20700
user_ubmd2e2f,"Madrid, Spain",zh,26-01-2023,40338
user_2a5282v7,"Toronto, Canada",hi,13-10-2023,18564
user_ypmvx9m4,"Manchester, UK",es,19-01-2023,35088
user_8relh62l,"Munich, Germany",zh,19-08-2023,1151
user_nkptgzfk,"Paris, France",ja,09-09-2023,38786
user_ze63it02,"Milan, Italy",ja,06-04-2023,37116
user_rv5qhh6q,"Manchester, UK",pt,23-03-2023,5256
user_4kq6t8bb,"Seoul, South Korea",en,08-05-2023,38929
user_8az9uasg,"Cairo, Egypt",zh,24-10-2023,6263
user_nj30zbtv,"Mumbai, India",de,17-01-2023,18202
user_38xako3d,"Johannesburg, South Africa",en,20-05-2023,26614
user_kz59girv,"Dubai, UAE",pt,19-08-2023,48794
user_h7u7wi0n,"Delhi, India",ja,17-06-2023,37912
user_yrth0u5v,"Milan, Italy",hi,21-08-2023,6499
user_aaiari8o,"Rome, Italy",ar,18-08-2023,16038
user_wf6fogvd,"Osaka, Japan",de,12-09-2023,48576
user_ywa69u1f,"Milan, Italy",zh,30-09-2023,21259
user_df7hi7fy,"London, UK",ja,05-09-2023,25475
user_7jn7qu75,"Sydney, Australia",ja,14-07-2023,25306
user_dtqoi70v,"New York, USA",en,21-03-2023,43807
user_pk1ptdj4,"Dubai, UAE",ru,16-11-2023,48116
user_yx62v2ol,"Delhi, India",fr,08-06-2023,21569
user_hko8pxwz,"Chicago, USA",es,08-03-2023,42258
user_jnknxe13,"Lagos, Nigeria",ar,30-08-2023,35496
user_hdwsy3nf,"Vancouver, Canada",fr,28-03-2023,10597
user_ga23fa19,"Toronto, Canada",fr,11-08-2023,17759
user_e68x1vfa,"New York, USA",hi,18-05-2023,14402
user_40dkmjju,"Delhi, India",ru,15-09-2023,24631
user_cdzp4vm2,"Beijing, China",ru,22-05-2023,11187
user_3u7xgcuc,"Rome, Italy",fr,06-10-2023,11332
user_4mu1c80o,"Houston, USA",fr,13-05-2023,11711
user_7vqtuvea,"Milan, Italy",fr,29-04-2023,29183
user_j5l1l3j3,"Milan, Italy",ja,03-08-2023,24370
user_t635oen6,"Johannesburg, South Africa",ru,17-09-2023,4167
user_8svvq28t,"Tokyo, Japan",de,11-07-2023,14540
user_a3pgcgw9,"São Paulo, Brazil",ru,05-01-2023,9882
user_c6zjvhsi,"Munich, Germany",pt,30-08-2023,20781
user_mzxfajfz,Singapore,hi,28-02-2023,24372
user_04aagjp1,"Rio de Janeiro, Brazil",de,31-10-2023,19180
user_fhm7i47h,"Beijing, China",hi,20-06-2023,43143
user_y0232w01,"Johannesburg, South Africa",fr,01-04-2023,14198
user_reqsqicb,"Toronto, Canada",hi,04-03-2023,49432
user_aqe9wzh2,"New York, USA",pt,27-11-2023,34088
user_ff9hvncb,"Madrid, Spain",hi,23-04-2023,44674
user_2cw1ku4n,"Osaka, Japan",fr,03-09-2023,21168
user_37efz59m,Singapore,pt,02-09-2023,43780
user_txrypced,"Rome, Italy",de,28-05-2023,2479
user_kuoam2mf,"Toronto, Canada",fr,18-12-2023,47454
user_bcl4gqby,"São Paulo, Brazil",ar,11-05-2023,20758
user_y5urixy6,"Munich, Germany",pt,26-12-2023,445
user_02sm9ly7,"Seoul, South Korea",ru,12-10-2023,48317
user_9ksxfq3r,"Manchester, UK",zh,18-03-2023,49368
user_ovph1ui0,"New York, USA",de,11-11-2023,41310
user_pywq9u0v,"Dubai, UAE",zh,27-12-2023,21892
user_q8v94nlh,"Houston, USA",ar,16-07-2023,21147
user_cfz014a5,"Munich, Germany",zh,06-12-2023,44736
user_1gol317c,"Shanghai, China",ru,04-06-2023,10814
user_8c2t4hs8,"Rome, Italy",es,01-02-2023,7988
user_m8iw7i4v,"Toronto, Canada",ar,13-01-2023,38283
user_ft4u9ffd,"Los Angeles, USA",pt,02-09-2023,48667
user_52k9e623,"Rome, Italy",ja,23-05-2023,23441
user_alnj3vsd,"New York, USA",ja,16-11-2023,28413
user_oy2uc0b2,"Madrid, Spain",hi,24-10-2023,19124
user_7m4u5drn,"Rio de Janeiro, Brazil",pt,20-02-2023,40653
user_1s351pwn,"Mexico City, Mexico",es,15-04-2023,13971
user_xw9kkgik,"Lagos, Nigeria",de,04-06-2023,12357
user_8bcte4x2,"São Paulo, Brazil",ja,31-10-2023,46936
user_uyyao98x,"Chicago, USA",hi,11-01-2023,11625
user_ogtvuuki,"Cairo, Egypt",es,13-12-2023,4459
user_pmor94x3,"Mumbai, India",zh,24-03-2023,7510
user_h8y1m5k9,"Barcelona, Spain",en,09-02-2023,38418
user_fchpzhlh,"Shanghai, China",pt,03-08-2023,24220
user_00evmn72,"Johannesburg, South Africa",hi,28-03-2023,28265
user_d88b8qoh,"São Paulo, Brazil",en,12-02-2023,1569
user_eies3y7t,"Rio de Janeiro, Brazil",es,27-10-2023,8695
user_r7rpurvq,"Los Angeles, USA",hi,27-09-2023,2812
user_iydubon4,"Toronto, Canada",hi,25-11-2023,3178
user_ytwjdefg,"Mumbai, India",zh,11-01-2023,8878
user_1in5bvdf,Singapore,ar,16-09-2023,7749
user_j4z9koyz,"Shanghai, China",zh,23-05-2023,20300
user_n59vpv83,"New York, USA",hi,21-10-2023,32421
user_wr2785sn,"New York, USA",ar,05-12-2023,12713
user_gpq94odr,"London, UK",ar,02-02-2023,39793
user_49claaw8,"Milan, Italy",de,22-10-2023,36636
user_gyx5gifk,"Vancouver, Canada",es,29-04-2023,3302
user_rm8c3wgs,"Milan, Italy",ar,19-05-2023,23940
user_5t7flftu,"Beijing, China",ru,06-09-2023,24133
user_a2a9oe87,Singapore,ru,16-10-2023,27688
user_gb2vq8n8,Singapore,en,17-06-2023,22892
user_yn18x47n,"Cairo, Egypt",hi,24-04-2023,16381
user_6gy6nrlo,"Mumbai, India",hi,25-04-2023,17618
user_m3w9lbt0,"Seoul, South Korea",zh,27-10-2023,24034
user_kgeoogvo,"Chicago, USA",en,14-10-2023,39218
user_5n6jz0q7,Singapore,es,19-10-2023,21262
user_hln16pdf,"Delhi, India",ar,13-09-2023,31944
user_bf0xs7co,Singapore,ru,24-08-2023,39894
user_0digod7y,"Cairo, Egypt",ar,31-07-2023,27536
user_086yixlz,"Paris, France",ar,29-04-2023,36105
user_ji15uy0l,"London, UK",zh,07-09-2023,44142
user_sumcbxzj,"Toronto, Canada",ja,01-05-2023,27073
user_ruzvsfpj,"Beijing, China",en,23-11-2023,7098
user_5jzr83cf,"Sydney, Australia",ja,30-09-2023,28802
user_s7fkmb0p,"Houston, USA",ar,14-07-2023,35780
user_3cp9v5hy,"Johannesburg, South Africa",de,26-05-2023,11273
user_z2r9v1ms,"Los Angeles, USA",es,16-06-2023,1897
user_t4qd1q5j,"London, UK",ja,01-06-2023,18639
user_v20bhdbp,"Barcelona, Spain",es,02-06-2023,6540
user_najfasrj,"London, UK",ja,01-12-2023,3919
user_xjkv8d43,"Houston, USA",hi,12-07-2023,13651
user_oaiwrlyl,"Rio de Janeiro, Brazil",fr,05-08-2023,29790
user_vhsumg9c,"Dubai, UAE",ru,28-08-2023,32650
user_pbn2tgep,"Paris, France",fr,01-03-2023,38343
user_lpaf67a1,"Los Angeles, USA",de,18-07-2023,47406
user_3m0fddpp,"Toronto, Canada",fr,01-03-2023,327
user_52mjcujd,"Chicago, USA",en,25-12-2023,20543
user_4a0layyx,"Johannesburg, South Africa",zh,04-04-2023,39364
user_96uhzseg,"London, UK",ar,24-04-2023,27186
user_e6tqf43a,"Beijing, China",fr,13-10-2023,30497
user_4ol58cyf,"Lyon, France",fr,24-12-2023,22618
user_w4tb9pr9,"Los Angeles, USA",pt,25-11-2023,47532
user_tl3fefo0,"Tokyo, Japan",ar,02-12-2023,11653
user_9v1fxe3b,"Houston, USA",ru,04-06-2023,33330
user_lafp17kc,"Shanghai, China",zh,14-05-2023,40151
user_pp3dgfak,"Seoul, South Korea",es,01-10-2023,109
user_pr7bcf45,"Chicago, USA",fr,05-08-2023,30128
user_nk06mmye,"Beijing, China",ru,31-01-2023,34221
user_22etnc8h,"Berlin, Germany",de,10-02-2023,41143
user_5gxidbb7,"Houston, USA",pt,14-12-2023,37766
user_wr3q3r0o,"Berlin, Germany",zh,18-05-2023,17020
user_qrddznnv,"Berlin, Germany",de,31-05-2023,7821
user_ku7fboeu,"Osaka, Japan",ja,26-08-2023,41538
user_9m6lzkx0,"Paris, France",zh,01-12-2023,15072
user_tjzr3rrj,"New York, USA",fr,26-05-2023,5652
user_c2tfuv1t,"Houston, USA",ru,18-01-2023,339
user_6fijt4ks,"Lyon, France",hi,28-02-2023,44023
user_1depqq3s,"Vancouver, Canada",fr,19-09-2023,22365
user_zwtxksrs,"Houston, USA",es,13-12-2023,1009
user_j9uoodiz,"New York, USA",ja,03-05-2023,15236
user_1461f2hf,"Lagos, Nigeria",ar,18-03-2023,44644
user_kzbok9uv,"Beijing, China",fr,07-07-2023,11473
user_egbm0x5r,"Manchester, UK",pt,22-12-2023,8593
user_os4zasf3,"Toronto, Canada",ru,09-05-2023,11237
user_zeatlk93,"Mexico City, Mexico",ar,22-11-2023,17607
user_ysbkmmxf,"Toronto, Canada",ja,31-03-2023,46203
user_vfz790ui,"Delhi, India",ja,19-08-2023,39245
user_4ald4jkl,"Beijing, China",pt,27-06-2023,45703
user_d9971ba6,"Dubai, UAE",hi,27-03-2023,13964
user_cwh9v5dk,"Munich, Germany",en,08-09-2023,17364
user_lyccsofd,"Manchester, UK",hi,06-10-2023,10310
user_zbmsjsbn,"Shanghai, China",ru,04-12-2023,25016
user_5exkshy7,"Rio de Janeiro, Brazil",ja,19-09-2023,43729
user_zdj1d4y5,"London, UK",es,06-01-2023,11492
user_op7k2mli,"Tokyo, Japan",en,13-01-2023,24762
user_pvhgwztj,"Munich, Germany",hi,28-10-2023,39975
user_pg17nta6,"Los Angeles, USA",de,12-07-2023,2363
user_omum896s,"Rome, Italy",de,07-01-2023,1160
user_488o0j8b,"Sydney, Australia",en,06-07-2023,33551
user_jlw733x7,"Shanghai, China",ar,10-08-2023,39303
user_0xdo28q7,"Vancouver, Canada",ja,20-06-2023,21353
user_uo5emkil,"Barcelona, Spain",de,22-01-2023,21276
user_kbdvf8d6,"Tokyo, Japan",es,14-01-2023,4645
user_zfhfi8vl,"Los Angeles, USA",hi,11-11-2023,25841
user_vu9y0rv6,"Madrid, Spain",fr,31-07-2023,45870
user_bxly4qsk,"Melbourne, Australia",de,09-06-2023,37124
user_8ko1uayz,"Mumbai, India",ar,16-10-2023,26642
user_cgjc9dik,"Los Angeles, USA",ja,26-06-2023,14179
user_ugd6vymw,"Rome, Italy",hi,31-10-2023,40742
user_bsrrv0ob,"Lagos, Nigeria",en,08-07-2023,14576
user_octykp3s,"Barcelona, Spain",zh,05-02-2023,13203
user_7vpwoqp2,"Seoul, South Korea",zh,14-09-2023,18406
user_xy0zqsx1,"Osaka, Japan",ru,18-11-2023,46574
user_ljik1yxy,"Johannesburg, South Africa",de,25-03-2023,33695
user_v85ub55d,"London, UK",pt,10-04-2023,39315
user_21t39k1j,"Paris, France",en,13-11-2023,41573
user_nhmgke5n,"Rio de Janeiro, Brazil",de,03-12-2023,9937
user_4xle01hd,"Paris, France",ar,05-05-2023,9516
user_5k81svok,"Milan, Italy",de,19-08-2023,8124
user_xbva0qcq,"Manchester, UK",hi,17-07-2023,21901
user_i5gyaj59,"Rome, Italy",zh,26-02-2023,26215
user_cw087eow,"Chicago, USA",zh,11-10-2023,31159
user_4h468qeh,"Munich, Germany",ru,25-09-2023,31209
user_he9lmvpu,"Houston, USA",hi,03-11-2023,46685
user_pfk0frq8,"Lagos, Nigeria",de,29-01-2023,6808
user_bpm9h48i,"Rio de Janeiro, Brazil",es,03-04-2023,16456
user_n3hsc00d,"London, UK",de,08-11-2023,6692
user_mbfbjjix,"New York, USA",zh,09-06-2023,11084
user_vx8uw7j8,"Osaka, Japan",zh,24-06-2023,19339
user_lr3fagdl,"Paris, France",en,13-10-2023,21509
user_ls1b021f,Singapore,hi,10-08-2023,42127
user_3v5bmc1w,"Johannesburg, South Africa",ar,22-11-2023,45585
user_2kpx7bq7,"Manchester, UK",zh,02-08-2023,1954
user_7ynl9cyw,"London, UK",es,07-04-2023,24437
user_jp89dfll,"Osaka, Japan",zh,23-06-2023,47314
user_zh3km46r,"Melbourne, Australia",ru,24-04-2023,44219
user_0snf4coc,"São Paulo, Brazil",de,27-07-2023,42927
user_67hyf45u,"Vancouver, Canada",de,05-04-2023,898
user_r81b8x1v,"Tokyo, Japan",en,07-10-2023,43520
user_bxxatzfk,"Paris, France",ru,02-01-2023,15151
user_7vp5lq28,"Mexico City, Mexico",es,21-12-2023,27066
user_wny0eggt,"Tokyo, Japan",pt,09-02-2023,7793
user_eatb59cy,"Mexico City, Mexico",en,02-08-2023,39881
user_kuccczbl,"Cairo, Egypt",zh,28-02-2023,24509
user_ul3t78j5,"Manchester, UK",ar,03-11-2023,49287
user_p382lkdc,"New York, USA",fr,15-08-2023,23676
user_v90c7v7k,"Manchester, UK",en,08-02-2023,38478
user_3j8m535e,"Tokyo, Japan",ar,28-06-2023,24336
user_ykcupti7,"Milan, Italy",en,01-03-2023,20735
user_6am6m4he,"Milan, Italy",ru,29-12-2023,42340
user_bxh59css,"Rome, Italy",en,22-10-2023,34876
user_739k0164,"Rome, Italy",fr,16-02-2023,13285
user_nv39lexw,"Chicago, USA",ar,03-07-2023,6441
user_21xbx95a,"Dubai, UAE",es,28-01-2023,37334
user_6q691qyw,"Johannesburg, South Africa",de,22-02-2023,44759
user_84886kht,"Cairo, Egypt",ja,30-06-2023,17475
user_d0m2tiau,"Seoul, South Korea",ru,04-06-2023,8439
user_chlfff5h,"Cairo, Egypt",fr,16-02-2023,11640
user_34epscp1,"Mexico City, Mexico",zh,03-05-2023,8767
user_52nwb0a6,"Melbourne, Australia",pt,31-10-2023,17113
user_0bjcdj9t,"Osaka, Japan",pt,31-07-2023,40001
user_oknxkzax,"Manchester, UK",en,13-12-2023,34257
user_zftpt5jm,"Lagos, Nigeria",pt,19-04-2023,33930
user_nocj2u22,"Mumbai, India",hi,20-08-2023,24513
user_ktq7v6k9,"Paris, France",de,02-03-2023,26436
user_9mtets0p,"Johannesburg, South Africa",pt,09-09-2023,8262
user_f1zb31m9,"Shanghai, China",es,30-05-2023,46628
user_xeefhrn8,"Manchester, UK",pt,07-02-2023,43744
user_3y9hmsqu,"Lagos, Nigeria",fr,28-05-2023,4352
user_87kc1g6d,"Houston, USA",hi,05-05-2023,7238
user_l5tg9fs9,"Munich, Germany",es,08-10-2023,8582
user_wozqxxuj,"Lyon, France",ja,08-09-2023,32180
user_jbexdryn,"Barcelona, Spain",zh,20-12-2023,35471
user_65x8ekq5,"Vancouver, Canada",ru,07-05-2023,11582
user_xetn4exw,"Dubai, UAE",ja,09-08-2023,14902
user_burti9os,"Rome, Italy",pt,30-10-2023,19117
user_1dor4ub9,"Melbourne, Australia",ru,20-05-2023,3948
user_2f0wwm7k,"Rio de Janeiro, Brazil",ja,20-02-2023,38582
user_bpeh6r2x,"Rome, Italy",ar,15-11-2023,39573
user_nopk6luq,"Tokyo, Japan",ja,27-08-2023,19663
user_h2cc650s,"Toronto, Canada",ja,04-09-2023,12019
user_69szlmwo,"New York, USA",zh,05-11-2023,15267
user_rn59h12j,"Houston, USA",hi,25-08-2023,16164
user_ztrgkwrt,"Johannesburg, South Africa",es,27-08-2023,30306
user_nf5l9rnd,"Johannesburg, South Africa",ru,10-11-2023,34045
user_tlwy34pg,"New York, USA",es,29-12-2023,24453
user_f7gw8r95,"Manchester, UK",zh,21-10-2023,14142
user_katitpu9,"Beijing, China",es,06-02-2023,23216
user_do27uxxo,"Seoul, South Korea",es,17-04-2023,17481
user_v5erx0ex,"Barcelona, Spain",hi,26-04-2023,17290
user_29wn0kte,"Shanghai, China",es,07-05-2023,24106
user_r7eg1rac,"Houston, USA",fr,15-04-2023,2052
user_vdgsk6rt,"Milan, Italy",fr,01-04-2023,38095
user_8hlbgldx,"Vancouver, Canada",ru,01-06-2023,13905
user_ckihmwlk,"Berlin, Germany",es,31-08-2023,20122
user_t7iq5b8i,"São Paulo, Brazil",es,24-10-2023,16997
user_5c73xjvg,"Berlin, Germany",fr,18-03-2023,33817
user_gi4jvjqd,"Tokyo, Japan",hi,05-03-2023,41198
user_ekw6pu9s,"Barcelona, Spain",de,05-06-2023,13820
user_unr2aqgd,"Cairo, Egypt",ja,30-12-2023,9404
user_0aacyvtz,"Rome, Italy",ru,19-01-2023,1452
user_zwtc0w1c,"London, UK",en,17-12-2023,5798
user_9px5q0by,"Lyon, France",zh,23-12-2023,46167
user_ouggehu2,"Manchester, UK",zh,27-02-2023,29402
user_9lyd7sqy,"Melbourne, Australia",zh,05-09-2023,27460
user_ewvhln58,"Seoul, South Korea",fr,01-08-2023,29588
user_uioec9tu,"Rome, Italy",pt,17-06-2023,26060
user_ixw57ddo,"Chicago, USA",de,14-08-2023,49484
user_86lxvpfg,"Lagos, Nigeria",pt,06-01-2023,12675
user_wfoibt5f,"Melbourne, Australia",pt,29-09-2023,49332
user_t0di0wp6,"Milan, Italy",ar,20-01-2023,4750
user_7gm44p81,"Toronto, Canada",fr,02-07-2023,1960
user_o7ao5viq,"Dubai, UAE",zh,14-11-2023,19308
user_dxyefwh5,"Tokyo, Japan",fr,01-02-2023,47791
user_rtp2dykx,"Berlin, Germany",es,07-06-2023,14113
user_q2stxtlj,"Mexico City, Mexico",zh,30-12-2023,44195
user_vlsb91yi,"Vancouver, Canada",ar,30-10-2023,31473
user_60qt3bld,"Toronto, Canada",hi,10-01-2023,39963
user_f2smsclm,"Paris, France",fr,10-09-2023,5978
user_fumgsyfe,"Los Angeles, USA",es,18-03-2023,40156
user_t028mbub,"Osaka, Japan",en,21-04-2023,49727
user_l8ovyk6s,"New York, USA",ja,08-10-2023,30100
user_uw0vd87k,"Milan, Italy",hi,16-10-2023,11640
user_ctdjnqvi,"Dubai, UAE",hi,16-02-2023,34193
user_2bqhmzq3,"Milan, Italy",pt,08-10-2023,30207
user_k16jgobs,"New York, USA",zh,08-09-2023,35293
user_ay79c8du,"Barcelona, Spain",ru,05-01-2023,21312
user_2ecys8dy,Singapore,ru,30-08-2023,34991
user_t3oblcqc,"Osaka, Japan",en,27-07-2023,20765
user_f7siruac,"Milan, Italy",es,01-02-2023,42293
user_csluibwk,"Tokyo, Japan",pt,08-09-2023,19091
user_g2hbxvtg,"Chicago, USA",ar,01-12-2023,46791
user_73jr6imn,"Berlin, Germany",ru,13-08-2023,7267
user_d8ouiga8,"Los Angeles, USA",de,06-04-2023,5270
user_8h6gfa0x,"Toronto, Canada",es,11-10-2023,14596
user_9i3o9pky,"Milan, Italy",de,08-07-2023,42591
user_0nzzm3ff,"Munich, Germany",es,25-01-2023,16757
user_ouwnxemr,"Delhi, India",fr,12-04-2023,28826
user_t3vc5gvq,"Berlin, Germany",pt,11-06-2023,49312
user_x3e3o9nf,"Cairo, Egypt",fr,17-10-2023,14201
user_3pd2fily,"Rome, Italy",pt,22-04-2023,3536
user_0q1hamqb,"Sydney, Australia",ru,03-06-2023,14670
user_ptkum7pu,"Barcelona, Spain",fr,18-09-2023,32127
user_kf84zwv2,"Paris, France",es,18-04-2023,49575
user_oudpq98k,"Mexico City, Mexico",fr,04-06-2023,44614
user_tbqj08gl,"Munich, Germany",ja,29-04-2023,18181
user_2ezvg796,"Delhi, India",ja,15-09-2023,34913
user_lt9gdb5a,"Delhi, India",en,27-07-2023,40557
user_0o5ujsl6,"Tokyo, Japan",en,17-04-2023,48064
user_bxjv2352,"Shanghai, China",pt,26-10-2023,41874
user_f3crksgl,"Los Angeles, USA",ar,13-09-2023,37091
user_b86ckvf0,"Milan, Italy",ja,07-11-2023,2730
user_ustdftr6,"Cairo, Egypt",ar,09-12-2023,8723
user_wolyc68e,"Berlin, Germany",hi,24-09-2023,21598
user_6lk9bh8q,"Johannesburg, South Africa",ru,18-04-2023,30992
user_2sz5870k,"Paris, France",ar,14-08-2023,22469
user_wq3xvu3q,"Toronto, Canada",en,24-06-2023,28585
user_ag1vxq20,"London, UK",hi,27-01-2023,2589
user_8cnur462,"Melbourne, Australia",es,22-06-2023,2916
user_rzirln2k,"Sydney, Australia",ru,30-03-2023,47343
user_knjtsbf3,"Toronto, Canada",zh,27-06-2023,1298
user_4bgfq7v1,"Rome, Italy",ar,17-03-2023,22396
user_eyivvxsv,"Chicago, USA",zh,19-06-2023,34931
user_3e6vbpgy,"Mumbai, India",ar,26-02-2023,25969
user_t4fac9ry,"Lyon, France",zh,16-12-2023,45249
user_d540lt76,"Los Angeles, USA",de,22-06-2023,8352
user_ybzvk37m,"Paris, France",fr,23-11-2023,41467
user_usts5yuo,"Shanghai, China",ja,31-12-2023,49933
user_zozhwbis,"Paris, France",de,25-10-2023,4580
user_vzkc4eex,"Madrid, Spain",en,17-05-2023,34062
user_qchyte6l,"New York, USA",en,17-09-2023,33190
user_13595b5a,"Delhi, India",es,14-02-2023,28095
user_7ca0d2ca,"Toronto, Canada",hi,24-05-2023,49154
user_bvyufsqe,"Rio de Janeiro, Brazil",en,28-04-2023,5032
user_a4bx0p77,"Lyon, France",fr,26-09-2023,44508
user_df1ei5h3,Singapore,de,03-11-2023,13742
user_frcablkw,"Chicago, USA",hi,12-08-2023,21147
user_jc5pei2a,"Seoul, South Korea",ar,21-05-2023,9428
user_q73dl3ap,"Mumbai, India",en,09-08-2023,21528
user_wo5zxl0h,"Melbourne, Australia",ja,04-09-2023,29999
user_nwv6ddob,"Barcelona, Spain",zh,26-08-2023,28382
user_wxx3ex8f,"Milan, Italy",fr,10-07-2023,31724
user_o9e3yl5r,"Madrid, Spain",de,03-10-2023,36520
user_w409zojg,"Cairo, Egypt",es,23-01-2023,13702
user_mv849ksk,"Los Angeles, USA",de,28-08-2023,8860
user_89lof2wj,"Mumbai, India",fr,26-09-2023,12147
user_t7oaimb8,"Madrid, Spain",en,28-10-2023,46209
user_pylae2xz,"Beijing, China",es,21-06-2023,16830
user_1rcpzj4g,"Osaka, Japan",ar,03-02-2023,40768
user_wojoag7g,"Rio de Janeiro, Brazil",es,05-04-2023,18813
user_vulstdsx,"Los Angeles, USA",hi,23-03-2023,17640
user_qyjwwu3o,"Beijing, China",zh,14-01-2023,39819
user_wous5rom,"Milan, Italy",fr,15-05-2023,44353
user_btbjsufs,"London, UK",ja,25-01-2023,30087
user_rpjjwdw9,"Mexico City, Mexico",ru,27-05-2023,44670
user_cmf4omis,"Houston, USA",ar,30-08-2023,21040
user_5lmyv131,"Toronto, Canada",de,29-10-2023,10443
user_ep00xpmt,"Barcelona, Spain",hi,07-11-2023,7893
user_3obvzmc6,"Johannesburg, South Africa",es,02-05-2023,40810
user_afdu5gw9,"Rome, Italy",hi,23-11-2023,31784
user_xrod8bh2,"Rio de Janeiro, Brazil",zh,26-08-2023,48702
user_xbe6b7kn,"Mumbai, India",ja,26-08-2023,43163
user_77m315jj,"Munich, Germany",en,06-01-2023,30293
user_hvqqyzoi,"Melbourne, Australia",zh,10-11-2023,3213
user_vec6gvbu,"Osaka, Japan",en,28-01-2023,17295
user_hq06wwgk,"Munich, Germany",pt,16-06-2023,43992
user_3jxx3h3w,"London, UK",ru,28-10-2023,35570
user_cwgik1z6,"Chicago, USA",ja,22-11-2023,36868
user_bx9xyj6k,"Shanghai, China",en,29-03-2023,19618
user_6ky50rd4,"Melbourne, Australia",de,31-01-2023,42295
user_xyvxp8vz,"London, UK",de,01-02-2023,6702
user_fb59r176,"Toronto, Canada",zh,03-10-2023,41308
user_6xvmxfyf,"Melbourne, Australia",de,27-11-2023,7470
user_t56uvdd8,"Mumbai, India",ar,28-04-2023,15578
user_0x2s6pho,"Shanghai, China",ja,28-05-2023,26993
user_j5s6xg7p,"Dubai, UAE",fr,21-11-2023,22365
user_tvrrizk4,"Lagos, Nigeria",es,13-12-2023,24598
user_hrja27s4,"Paris, France",en,13-10-2023,42821
user_kktxhpej,"Delhi, India",zh,27-08-2023,31051
user_4h2i9jla,"Los Angeles, USA",pt,10-12-2023,37825
user_b2k6dv8u,"Osaka, Japan",ar,13-06-2023,27707
user_jti6edje,"Toronto, Canada",en,10-12-2023,31392
user_g9g7onlw,"Munich, Germany",de,19-07-2023,7981
user_e9paascb,"São Paulo, Brazil",de,11-03-2023,19695
user_wcqtxwgr,"Los Angeles, USA",en,25-06-2023,10281
user_06v0exkg,"Barcelona, Spain",zh,20-05-2023,552
user_v9k2zefm,"Shanghai, China",zh,30-04-2023,10505
user_653h4bmg,"Berlin, Germany",de,11-07-2023,38484
user_49plobvw,"Shanghai, China",es,06-04-2023,8470
user_v82mrman,"Mexico City, Mexico",de,30-01-2023,24725
user_cud134xj,"Barcelona, Spain",ja,12-03-2023,34665
user_m2ziq5ox,"Melbourne, Australia",ja,24-11-2023,4282
user_do09zsgf,"Houston, USA",en,12-01-2023,1914
user_gikb0dqn,"Dubai, UAE",pt,23-03-2023,33219
user_1ug2c6v8,"Mumbai, India",hi,12-12-2023,30337
user_4snqim59,"Paris, France",pt,03-07-2023,20152
user_d7fndosg,"Toronto, Canada",ja,17-09-2023,3708
user_44damk88,Singapore,zh,14-09-2023,16377
user_dur7q95h,"Lyon, France",fr,31-10-2023,14508
user_wzt2ixn5,"Melbourne, Australia",ru,01-03-2023,32702
user_ewhj7uh3,"Houston, USA",es,23-12-2023,14378
user_oypkjogs,"Dubai, UAE",es,31-10-2023,47001
user_oki4xfhu,"São Paulo, Brazil",es,23-10-2023,42213
user_1cz5m9ov,"Beijing, China",hi,19-01-2023,18267
user_uby999hz,"Houston, USA",de,14-02-2023,10510
user_5l9nw5ja,"Milan, Italy",hi,07-05-2023,11777
user_5bifiovr,"Johannesburg, South Africa",zh,11-05-2023,44077
user_m27g42ms,"Beijing, China",hi,28-01-2023,27325
user_17homyqe,"Toronto, Canada",en,27-07-2023,4887
user_057ka83m,"London, UK",zh,11-02-2023,17153
